-- üvegezés

SET @PARAM_INTERNORM_HF310_ÜVEGEZÉS=SHA1('internorm hf310 üvegezés');
INSERT INTO PARAM_POOL(PARAM_ID,PARAM_NAME,PARAM_STR_FORMAT) VALUES
(@PARAM_INTERNORM_HF310_ÜVEGEZÉS,'Üvegezés','[v] üvegezéssel');

SET @PARAMOPT_INTERNORM_HF310_ÜVEGEZÉS_3N2=SHA1('internorm hf310 üvegezés 3n2');
INSERT INTO PARAMOPT_POOL(PARAM_ID,PARAMOPT_ID,PARAMOPT_NAME) VALUES
(@PARAM_INTERNORM_HF310_ÜVEGEZÉS,@PARAMOPT_INTERNORM_HF310_ÜVEGEZÉS_3N2,'3N2 (3 rétegű)');

SET @PARAMOPT_INTERNORM_HF310_ÜVEGEZÉS_33U=SHA1('internorm hf310 üvegezés 33u');
INSERT INTO PARAMOPT_POOL(PARAM_ID,PARAMOPT_ID,PARAMOPT_NAME) VALUES
(@PARAM_INTERNORM_HF310_ÜVEGEZÉS,@PARAMOPT_INTERNORM_HF310_ÜVEGEZÉS_33U,'33U (3 rétegű)');

SET @PARAMOPT_INTERNORM_HF310_ÜVEGEZÉS_3FH=SHA1('internorm hf310 üvegezés 3fh');
INSERT INTO PARAMOPT_POOL(PARAM_ID,PARAMOPT_ID,PARAMOPT_NAME) VALUES
(@PARAM_INTERNORM_HF310_ÜVEGEZÉS,@PARAMOPT_INTERNORM_HF310_ÜVEGEZÉS_3FH,'3FH (3 rétegű)');

SET @PARAMOPT_INTERNORM_HF310_ÜVEGEZÉS_2KA=SHA1('internorm hf310 üvegezés 2ka');
INSERT INTO PARAMOPT_POOL(PARAM_ID,PARAMOPT_ID,PARAMOPT_NAME) VALUES
(@PARAM_INTERNORM_HF310_ÜVEGEZÉS,@PARAMOPT_INTERNORM_HF310_ÜVEGEZÉS_2KA,'2KA (2 rétegű)');

SET @PARAMOPT_INTERNORM_HF310_ÜVEGEZÉS_20L=SHA1('internorm hf310 üvegezés 20l');
INSERT INTO PARAMOPT_POOL(PARAM_ID,PARAMOPT_ID,PARAMOPT_NAME) VALUES
(@PARAM_INTERNORM_HF310_ÜVEGEZÉS,@PARAMOPT_INTERNORM_HF310_ÜVEGEZÉS_20L,'20L (2 rétegű)');

SET @PARAMOPT_INTERNORM_HF310_ÜVEGEZÉS_34N=SHA1('internorm hf310 üvegezés 34n');
INSERT INTO PARAMOPT_POOL(PARAM_ID,PARAMOPT_ID,PARAMOPT_NAME) VALUES
(@PARAM_INTERNORM_HF310_ÜVEGEZÉS,@PARAMOPT_INTERNORM_HF310_ÜVEGEZÉS_34N,'34N (3 rétegű)');

SET @PARAMOPT_INTERNORM_HF310_ÜVEGEZÉS_3NK=SHA1('internorm hf310 üvegezés 3nk');
INSERT INTO PARAMOPT_POOL(PARAM_ID,PARAMOPT_ID,PARAMOPT_NAME) VALUES
(@PARAM_INTERNORM_HF310_ÜVEGEZÉS,@PARAMOPT_INTERNORM_HF310_ÜVEGEZÉS_3NK,'3NK (3 rétegű)');

SET @PARAMOPT_INTERNORM_HF310_ÜVEGEZÉS_3P5=SHA1('internorm hf310 üvegezés 3p5');
INSERT INTO PARAMOPT_POOL(PARAM_ID,PARAMOPT_ID,PARAMOPT_NAME) VALUES
(@PARAM_INTERNORM_HF310_ÜVEGEZÉS,@PARAMOPT_INTERNORM_HF310_ÜVEGEZÉS_3P5,'3P5 (3 rétegű)');

INSERT INTO DOP_PARAMS(SCHEMA_ID,PRODUCT_ID,PARAM_ID,SORT_INDEX) VALUES
(@SCHEMA_NYÍLÁSZÁRÓ,@PRODUCT_HF310,@PARAM_INTERNORM_HF310_ÜVEGEZÉS,0);

SET @PARAM_HASH_INTERNORM_HF310_ÜVEGEZÉS_3N2=SHA1(CONCAT(@PARAM_INTERNORM_HF310_ÜVEGEZÉS,'=',@PARAMOPT_INTERNORM_HF310_ÜVEGEZÉS_3N2));
INSERT INTO DOP_PROPERTIES(PARAM_HASH,SCHEMA_ID,PRODUCT_ID,PROPERTY_ID,VALUE,UNIT_MULTIPLIER,CONCAT_PATTERN) VALUES
(CONCAT(@RULE_SIMPLE,@PARAM_HASH_INTERNORM_HF310_ÜVEGEZÉS_3N2),
 @SCHEMA_NYÍLÁSZÁRÓ,@PRODUCT_HF310,@SCHEMA_NYÍLÁSZÁRÓ_HANG,            35,     1,'[v] dB'),
(CONCAT(@RULE_SIMPLE,@PARAM_HASH_INTERNORM_HF310_ÜVEGEZÉS_3N2),
 @SCHEMA_NYÍLÁSZÁRÓ,@PRODUCT_HF310,@SCHEMA_NYÍLÁSZÁRÓ_UVEG,          NULL,  NULL,'4b/18Ar/4/18Ar/b4');

SET @PARAM_HASH_INTERNORM_HF310_ÜVEGEZÉS_33U=SHA1(CONCAT(@PARAM_INTERNORM_HF310_ÜVEGEZÉS,'=',@PARAMOPT_INTERNORM_HF310_ÜVEGEZÉS_33U));
INSERT INTO DOP_PROPERTIES(PARAM_HASH,SCHEMA_ID,PRODUCT_ID,PROPERTY_ID,VALUE,UNIT_MULTIPLIER,CONCAT_PATTERN) VALUES
(CONCAT(@RULE_SIMPLE,@PARAM_HASH_INTERNORM_HF310_ÜVEGEZÉS_33U),
 @SCHEMA_NYÍLÁSZÁRÓ,@PRODUCT_HF310,@SCHEMA_NYÍLÁSZÁRÓ_HOUW,          0.77,  NULL,'[v] W/m2K-ig'),
(CONCAT(@RULE_SIMPLE,@PARAM_HASH_INTERNORM_HF310_ÜVEGEZÉS_33U),
 @SCHEMA_NYÍLÁSZÁRÓ,@PRODUCT_HF310,@SCHEMA_NYÍLÁSZÁRÓ_HOUG,           0.6,  NULL,'[v] W/m2K-ig'),
(CONCAT(@RULE_SIMPLE,@PARAM_HASH_INTERNORM_HF310_ÜVEGEZÉS_33U),
 @SCHEMA_NYÍLÁSZÁRÓ,@PRODUCT_HF310,@SCHEMA_NYÍLÁSZÁRÓ_HOPS,         0.036,  NULL,'[v] W/mK-ig'),
(CONCAT(@RULE_SIMPLE,@PARAM_HASH_INTERNORM_HF310_ÜVEGEZÉS_33U),
 @SCHEMA_NYÍLÁSZÁRÓ,@PRODUCT_HF310,@SCHEMA_NYÍLÁSZÁRÓ_HANG,            39,     1,'[v] dB'),
(CONCAT(@RULE_SIMPLE,@PARAM_HASH_INTERNORM_HF310_ÜVEGEZÉS_33U),
 @SCHEMA_NYÍLÁSZÁRÓ,@PRODUCT_HF310,@SCHEMA_NYÍLÁSZÁRÓ_UVEG,          NULL,  NULL,'6b/18Ar/4/16Ar/b4');

SET @PARAM_HASH_INTERNORM_HF310_ÜVEGEZÉS_3FH=SHA1(CONCAT(@PARAM_INTERNORM_HF310_ÜVEGEZÉS,'=',@PARAMOPT_INTERNORM_HF310_ÜVEGEZÉS_3FH));
INSERT INTO DOP_PROPERTIES(PARAM_HASH,SCHEMA_ID,PRODUCT_ID,PROPERTY_ID,VALUE,UNIT_MULTIPLIER,CONCAT_PATTERN) VALUES
(CONCAT(@RULE_SIMPLE,@PARAM_HASH_INTERNORM_HF310_ÜVEGEZÉS_3FH),
 @SCHEMA_NYÍLÁSZÁRÓ,@PRODUCT_HF310,@SCHEMA_NYÍLÁSZÁRÓ_HOUW,          0.87,  NULL,'[v] W/m2K-ig'),
(CONCAT(@RULE_SIMPLE,@PARAM_HASH_INTERNORM_HF310_ÜVEGEZÉS_3FH),
 @SCHEMA_NYÍLÁSZÁRÓ,@PRODUCT_HF310,@SCHEMA_NYÍLÁSZÁRÓ_HOUG,           0.7,  NULL,'[v] W/m2K-ig'),
(CONCAT(@RULE_SIMPLE,@PARAM_HASH_INTERNORM_HF310_ÜVEGEZÉS_3FH),
 @SCHEMA_NYÍLÁSZÁRÓ,@PRODUCT_HF310,@SCHEMA_NYÍLÁSZÁRÓ_HOPS,         0.047,  NULL,'[v] W/mK-ig'),
(CONCAT(@RULE_SIMPLE,@PARAM_HASH_INTERNORM_HF310_ÜVEGEZÉS_3FH),
 @SCHEMA_NYÍLÁSZÁRÓ,@PRODUCT_HF310,@SCHEMA_NYÍLÁSZÁRÓ_UVEG,          NULL,  NULL,'44b.2/14Ar/4/12Ar/b44.2 VSG');

SET @PARAM_HASH_INTERNORM_HF310_ÜVEGEZÉS_2KA=SHA1(CONCAT(@PARAM_INTERNORM_HF310_ÜVEGEZÉS,'=',@PARAMOPT_INTERNORM_HF310_ÜVEGEZÉS_2KA));
INSERT INTO DOP_PROPERTIES(PARAM_HASH,SCHEMA_ID,PRODUCT_ID,PROPERTY_ID,VALUE,UNIT_MULTIPLIER,CONCAT_PATTERN) VALUES
(CONCAT(@RULE_SIMPLE,@PARAM_HASH_INTERNORM_HF310_ÜVEGEZÉS_2KA),
 @SCHEMA_NYÍLÁSZÁRÓ,@PRODUCT_HF310,@SCHEMA_NYÍLÁSZÁRÓ_HOUW,           1.1,  NULL,'[v] W/m2K-ig'),
(CONCAT(@RULE_SIMPLE,@PARAM_HASH_INTERNORM_HF310_ÜVEGEZÉS_2KA),
 @SCHEMA_NYÍLÁSZÁRÓ,@PRODUCT_HF310,@SCHEMA_NYÍLÁSZÁRÓ_HOUG,             1,  NULL,'[v] W/m2K-ig'),
(CONCAT(@RULE_SIMPLE,@PARAM_HASH_INTERNORM_HF310_ÜVEGEZÉS_2KA),
 @SCHEMA_NYÍLÁSZÁRÓ,@PRODUCT_HF310,@SCHEMA_NYÍLÁSZÁRÓ_HOUF,          0.89,  NULL,'[v] W/m2K-ig'),
(CONCAT(@RULE_SIMPLE,@PARAM_HASH_INTERNORM_HF310_ÜVEGEZÉS_2KA),
 @SCHEMA_NYÍLÁSZÁRÓ,@PRODUCT_HF310,@SCHEMA_NYÍLÁSZÁRÓ_HOPS,         0.057,  NULL,'[v] W/mK-ig'),
(CONCAT(@RULE_SIMPLE,@PARAM_HASH_INTERNORM_HF310_ÜVEGEZÉS_2KA),
 @SCHEMA_NYÍLÁSZÁRÓ,@PRODUCT_HF310,@SCHEMA_NYÍLÁSZÁRÓ_HANG,            37,     1,'[v] dB'),
(CONCAT(@RULE_SIMPLE,@PARAM_HASH_INTERNORM_HF310_ÜVEGEZÉS_2KA),
 @SCHEMA_NYÍLÁSZÁRÓ,@PRODUCT_HF310,@SCHEMA_NYÍLÁSZÁRÓ_UVEG,          NULL,  NULL,'8/12Kr/b4');

SET @PARAM_HASH_INTERNORM_HF310_ÜVEGEZÉS_20L=SHA1(CONCAT(@PARAM_INTERNORM_HF310_ÜVEGEZÉS,'=',@PARAMOPT_INTERNORM_HF310_ÜVEGEZÉS_20L));
INSERT INTO DOP_PROPERTIES(PARAM_HASH,SCHEMA_ID,PRODUCT_ID,PROPERTY_ID,VALUE,UNIT_MULTIPLIER,CONCAT_PATTERN) VALUES
(CONCAT(@RULE_SIMPLE,@PARAM_HASH_INTERNORM_HF310_ÜVEGEZÉS_20L),
 @SCHEMA_NYÍLÁSZÁRÓ,@PRODUCT_HF310,@SCHEMA_NYÍLÁSZÁRÓ_HOUW,           1.1,  NULL,'[v] W/m2K-ig'),
(CONCAT(@RULE_SIMPLE,@PARAM_HASH_INTERNORM_HF310_ÜVEGEZÉS_20L),
 @SCHEMA_NYÍLÁSZÁRÓ,@PRODUCT_HF310,@SCHEMA_NYÍLÁSZÁRÓ_HOUG,           1.1,  NULL,'[v] W/m2K-ig'),
(CONCAT(@RULE_SIMPLE,@PARAM_HASH_INTERNORM_HF310_ÜVEGEZÉS_20L),
 @SCHEMA_NYÍLÁSZÁRÓ,@PRODUCT_HF310,@SCHEMA_NYÍLÁSZÁRÓ_HOUF,          0.89,  NULL,'[v] W/m2K-ig'),
(CONCAT(@RULE_SIMPLE,@PARAM_HASH_INTERNORM_HF310_ÜVEGEZÉS_20L),
 @SCHEMA_NYÍLÁSZÁRÓ,@PRODUCT_HF310,@SCHEMA_NYÍLÁSZÁRÓ_HOPS,         0.035,  NULL,'[v] W/mK-ig'),
(CONCAT(@RULE_SIMPLE,@PARAM_HASH_INTERNORM_HF310_ÜVEGEZÉS_20L),
 @SCHEMA_NYÍLÁSZÁRÓ,@PRODUCT_HF310,@SCHEMA_NYÍLÁSZÁRÓ_HANG,            33,     1,'[v] dB'),
(CONCAT(@RULE_SIMPLE,@PARAM_HASH_INTERNORM_HF310_ÜVEGEZÉS_20L),
 @SCHEMA_NYÍLÁSZÁRÓ,@PRODUCT_HF310,@SCHEMA_NYÍLÁSZÁRÓ_UVEG,          NULL,  NULL,'4/16Ar/b4');

SET @PARAM_HASH_INTERNORM_HF310_ÜVEGEZÉS_34N=SHA1(CONCAT(@PARAM_INTERNORM_HF310_ÜVEGEZÉS,'=',@PARAMOPT_INTERNORM_HF310_ÜVEGEZÉS_34N));
INSERT INTO DOP_PROPERTIES(PARAM_HASH,SCHEMA_ID,PRODUCT_ID,PROPERTY_ID,VALUE,UNIT_MULTIPLIER,CONCAT_PATTERN) VALUES
(CONCAT(@RULE_SIMPLE,@PARAM_HASH_INTERNORM_HF310_ÜVEGEZÉS_34N),
 @SCHEMA_NYÍLÁSZÁRÓ,@PRODUCT_HF310,@SCHEMA_NYÍLÁSZÁRÓ_HOUW,          0.77,  NULL,'[v] W/m2K-ig'),
(CONCAT(@RULE_SIMPLE,@PARAM_HASH_INTERNORM_HF310_ÜVEGEZÉS_34N),
 @SCHEMA_NYÍLÁSZÁRÓ,@PRODUCT_HF310,@SCHEMA_NYÍLÁSZÁRÓ_HOUG,           0.6,  NULL,'[v] W/m2K-ig'),
(CONCAT(@RULE_SIMPLE,@PARAM_HASH_INTERNORM_HF310_ÜVEGEZÉS_34N),
 @SCHEMA_NYÍLÁSZÁRÓ,@PRODUCT_HF310,@SCHEMA_NYÍLÁSZÁRÓ_HOPS,         0.036,  NULL,'[v] W/mK-ig'),
(CONCAT(@RULE_SIMPLE,@PARAM_HASH_INTERNORM_HF310_ÜVEGEZÉS_34N),
 @SCHEMA_NYÍLÁSZÁRÓ,@PRODUCT_HF310,@SCHEMA_NYÍLÁSZÁRÓ_HANG,            42,     1,'[v] dB'),
(CONCAT(@RULE_SIMPLE,@PARAM_HASH_INTERNORM_HF310_ÜVEGEZÉS_34N),
 @SCHEMA_NYÍLÁSZÁRÓ,@PRODUCT_HF310,@SCHEMA_NYÍLÁSZÁRÓ_UVEG,          NULL,  NULL,'4b/16Ar/4/15Ar/b44.2 VSG-S');

SET @PARAM_HASH_INTERNORM_HF310_ÜVEGEZÉS_3NK=SHA1(CONCAT(@PARAM_INTERNORM_HF310_ÜVEGEZÉS,'=',@PARAMOPT_INTERNORM_HF310_ÜVEGEZÉS_3NK));
INSERT INTO DOP_PROPERTIES(PARAM_HASH,SCHEMA_ID,PRODUCT_ID,PROPERTY_ID,VALUE,UNIT_MULTIPLIER,CONCAT_PATTERN) VALUES
(CONCAT(@RULE_SIMPLE,@PARAM_HASH_INTERNORM_HF310_ÜVEGEZÉS_3NK),
 @SCHEMA_NYÍLÁSZÁRÓ,@PRODUCT_HF310,@SCHEMA_NYÍLÁSZÁRÓ_HOUW,          0.87,  NULL,'[v] W/m2K-ig'),
(CONCAT(@RULE_SIMPLE,@PARAM_HASH_INTERNORM_HF310_ÜVEGEZÉS_3NK),
 @SCHEMA_NYÍLÁSZÁRÓ,@PRODUCT_HF310,@SCHEMA_NYÍLÁSZÁRÓ_HOUG,           0.7,  NULL,'[v] W/m2K-ig'),
(CONCAT(@RULE_SIMPLE,@PARAM_HASH_INTERNORM_HF310_ÜVEGEZÉS_3NK),
 @SCHEMA_NYÍLÁSZÁRÓ,@PRODUCT_HF310,@SCHEMA_NYÍLÁSZÁRÓ_HOPS,         0.047,  NULL,'[v] W/mK-ig'),
(CONCAT(@RULE_SIMPLE,@PARAM_HASH_INTERNORM_HF310_ÜVEGEZÉS_3NK),
 @SCHEMA_NYÍLÁSZÁRÓ,@PRODUCT_HF310,@SCHEMA_NYÍLÁSZÁRÓ_HANG,            30,     1,'[v] dB'),
(CONCAT(@RULE_SIMPLE,@PARAM_HASH_INTERNORM_HF310_ÜVEGEZÉS_3NK),
 @SCHEMA_NYÍLÁSZÁRÓ,@PRODUCT_HF310,@SCHEMA_NYÍLÁSZÁRÓ_UVEG,          NULL,  NULL,'4b/12Ar/4/12Ar/b4');

SET @PARAM_HASH_INTERNORM_HF310_ÜVEGEZÉS_3P5=SHA1(CONCAT(@PARAM_INTERNORM_HF310_ÜVEGEZÉS,'=',@PARAMOPT_INTERNORM_HF310_ÜVEGEZÉS_3P5));
INSERT INTO DOP_PROPERTIES(PARAM_HASH,SCHEMA_ID,PRODUCT_ID,PROPERTY_ID,VALUE,UNIT_MULTIPLIER,CONCAT_PATTERN) VALUES
(CONCAT(@RULE_SIMPLE,@PARAM_HASH_INTERNORM_HF310_ÜVEGEZÉS_3P5),
 @SCHEMA_NYÍLÁSZÁRÓ,@PRODUCT_HF310,@SCHEMA_NYÍLÁSZÁRÓ_HOUW,          0.91,  NULL,'[v] W/m2K-ig'),
(CONCAT(@RULE_SIMPLE,@PARAM_HASH_INTERNORM_HF310_ÜVEGEZÉS_3P5),
 @SCHEMA_NYÍLÁSZÁRÓ,@PRODUCT_HF310,@SCHEMA_NYÍLÁSZÁRÓ_HOUG,           0.8,  NULL,'[v] W/m2K-ig'),
(CONCAT(@RULE_SIMPLE,@PARAM_HASH_INTERNORM_HF310_ÜVEGEZÉS_3P5),
 @SCHEMA_NYÍLÁSZÁRÓ,@PRODUCT_HF310,@SCHEMA_NYÍLÁSZÁRÓ_HOUF,          0.87,  NULL,'[v] W/m2K-ig'),
(CONCAT(@RULE_SIMPLE,@PARAM_HASH_INTERNORM_HF310_ÜVEGEZÉS_3P5),
 @SCHEMA_NYÍLÁSZÁRÓ,@PRODUCT_HF310,@SCHEMA_NYÍLÁSZÁRÓ_HOPS,         0.034,  NULL,'[v] W/mK-ig'),
(CONCAT(@RULE_SIMPLE,@PARAM_HASH_INTERNORM_HF310_ÜVEGEZÉS_3P5),
 @SCHEMA_NYÍLÁSZÁRÓ,@PRODUCT_HF310,@SCHEMA_NYÍLÁSZÁRÓ_HANG,            36,     1,'[v] dB'),
(CONCAT(@RULE_SIMPLE,@PARAM_HASH_INTERNORM_HF310_ÜVEGEZÉS_3P5),
 @SCHEMA_NYÍLÁSZÁRÓ,@PRODUCT_HF310,@SCHEMA_NYÍLÁSZÁRÓ_UVEG,          NULL,  NULL,'6b/10Ar/5/10Ar/b5');

-- távtartó anyaga

SET @PARAM_INTERNORM_HF310_TÁVTARTÓ_ANYAGA=SHA1('internorm hf310 távtartó anyaga');
INSERT INTO PARAM_POOL(PARAM_ID,PARAM_NAME,PARAM_STR_FORMAT) VALUES
(@PARAM_INTERNORM_HF310_TÁVTARTÓ_ANYAGA,'Távtartó anyaga','[v] távtartóval');

SET @PARAM_INTERNORM_HF310_TÁVTARTÓ_ANYAGA_MŰANYAG=SHA1('internorm hf310 távtartó anyaga műanyag');
INSERT INTO PARAMOPT_POOL(PARAM_ID,PARAMOPT_ID,PARAMOPT_NAME) VALUES
(@PARAM_INTERNORM_HF310_TÁVTARTÓ_ANYAGA,@PARAM_INTERNORM_HF310_TÁVTARTÓ_ANYAGA_MŰANYAG,'műanyag');

SET @PARAM_INTERNORM_HF310_TÁVTARTÓ_ANYAGA_ALUMÍNIUM=SHA1('internorm hf310 távtartó anyaga alumínium');
INSERT INTO PARAMOPT_POOL(PARAM_ID,PARAMOPT_ID,PARAMOPT_NAME) VALUES
(@PARAM_INTERNORM_HF310_TÁVTARTÓ_ANYAGA,@PARAM_INTERNORM_HF310_TÁVTARTÓ_ANYAGA_ALUMÍNIUM,'alumínium');

INSERT INTO DOP_PARAMS(SCHEMA_ID,PRODUCT_ID,PARAM_ID,SORT_INDEX) VALUES
(@SCHEMA_NYÍLÁSZÁRÓ,@PRODUCT_HF310,@PARAM_INTERNORM_HF310_TÁVTARTÓ_ANYAGA,1);

SET @PARAM_HASH_INTERNORM_HF310_TÁVTARTÓ_ANYAGA_ALUMÍNIUM=SHA1(CONCAT(@PARAM_INTERNORM_HF310_TÁVTARTÓ_ANYAGA,'=',@PARAM_INTERNORM_HF310_TÁVTARTÓ_ANYAGA_ALUMÍNIUM));
INSERT INTO DOP_PROPERTIES(PARAM_HASH,SCHEMA_ID,PRODUCT_ID,PROPERTY_ID,VALUE,UNIT_MULTIPLIER,CONCAT_PATTERN) VALUES
(CONCAT(@RULE_SIMPLE,@PARAM_HASH_INTERNORM_HF310_TÁVTARTÓ_ANYAGA_ALUMÍNIUM),
 @SCHEMA_NYÍLÁSZÁRÓ,@PRODUCT_HF310,@SCHEMA_NYÍLÁSZÁRÓ_HOUW,          0.79,  NULL,'[v] W/m2K-ig'),
(CONCAT(@RULE_SIMPLE,@PARAM_HASH_INTERNORM_HF310_TÁVTARTÓ_ANYAGA_ALUMÍNIUM),
 @SCHEMA_NYÍLÁSZÁRÓ,@PRODUCT_HF310,@SCHEMA_NYÍLÁSZÁRÓ_HOPS,         0.057,  NULL,'[v] W/mK-ig');

-- üveg hőszigetelő bevonata

SET @PARAM_INTERNORM_HF310_ÜVEG_HŐSZIGETELŐ_BEVONATA=SHA1('internorm hf310 üveg hőszigetelő bevonata');
INSERT INTO PARAM_POOL(PARAM_ID,PARAM_NAME,PARAM_STR_FORMAT) VALUES
(@PARAM_INTERNORM_HF310_ÜVEG_HŐSZIGETELŐ_BEVONATA,'Üveg hőszigetelő bevonata','[v] hőszigetelő bevonattal');

SET @PARAM_INTERNORM_HF310_ÜVEG_HŐSZIGETELŐ_BEVONATA_LIGHT=SHA1('internorm hf310 üveg hőszigetelő bevonata light');
INSERT INTO PARAMOPT_POOL(PARAM_ID,PARAMOPT_ID,PARAMOPT_NAME) VALUES
(@PARAM_INTERNORM_HF310_ÜVEG_HŐSZIGETELŐ_BEVONATA,@PARAM_INTERNORM_HF310_ÜVEG_HŐSZIGETELŐ_BEVONATA_LIGHT,'Light');

SET @PARAM_INTERNORM_HF310_ÜVEG_HŐSZIGETELŐ_BEVONATA_SOLARP=SHA1('internorm hf310 üveg hőszigetelő bevonata solar+');
INSERT INTO PARAMOPT_POOL(PARAM_ID,PARAMOPT_ID,PARAMOPT_NAME) VALUES
(@PARAM_INTERNORM_HF310_ÜVEG_HŐSZIGETELŐ_BEVONATA,@PARAM_INTERNORM_HF310_ÜVEG_HŐSZIGETELŐ_BEVONATA_SOLARP,'Solar+');

INSERT INTO DOP_PARAMS(SCHEMA_ID,PRODUCT_ID,PARAM_ID,SORT_INDEX) VALUES
(@SCHEMA_NYÍLÁSZÁRÓ,@PRODUCT_HF310,@PARAM_INTERNORM_HF310_ÜVEG_HŐSZIGETELŐ_BEVONATA,2);

SET @PARAM_HASH_INTERNORM_HF310_ÜVEG_HŐSZIGETELŐ_BEVONATA_SOLARP=SHA1(CONCAT(@PARAM_INTERNORM_HF310_ÜVEG_HŐSZIGETELŐ_BEVONATA,'=',@PARAM_INTERNORM_HF310_ÜVEG_HŐSZIGETELŐ_BEVONATA_SOLARP));
INSERT INTO DOP_PROPERTIES(PARAM_HASH,SCHEMA_ID,PRODUCT_ID,PROPERTY_ID,VALUE,UNIT_MULTIPLIER,CONCAT_PATTERN) VALUES
(CONCAT(@RULE_SIMPLE,@PARAM_HASH_INTERNORM_HF310_ÜVEG_HŐSZIGETELŐ_BEVONATA_SOLARP),
 @SCHEMA_NYÍLÁSZÁRÓ,@PRODUCT_HF310,@SCHEMA_NYÍLÁSZÁRÓ_HOUW,          0.76,  NULL,'[v] W/m2K-ig'),
(CONCAT(@RULE_SIMPLE,@PARAM_HASH_INTERNORM_HF310_ÜVEG_HŐSZIGETELŐ_BEVONATA_SOLARP),
 @SCHEMA_NYÍLÁSZÁRÓ,@PRODUCT_HF310,@SCHEMA_NYÍLÁSZÁRÓ_HOUG,           0.6,  NULL,'[v] W/m2K-ig');

-- 2/3

SET @PARAM_HASH_INTERNORM_HF310_ÜVEGEZÉS_3N2_TÁVTARTÓ_ANYAGA_ALUMÍNIUM=SHA1(CONCAT(@PARAM_INTERNORM_HF310_ÜVEGEZÉS,'=',@PARAMOPT_INTERNORM_HF310_ÜVEGEZÉS_3N2,';',@PARAM_INTERNORM_HF310_TÁVTARTÓ_ANYAGA,'=',@PARAM_INTERNORM_HF310_TÁVTARTÓ_ANYAGA_ALUMÍNIUM));
INSERT INTO DOP_PROPERTIES(PARAM_HASH,SCHEMA_ID,PRODUCT_ID,PROPERTY_ID,VALUE,UNIT_MULTIPLIER,CONCAT_PATTERN) VALUES
(CONCAT(@RULE_SIMPLE,@PARAM_HASH_INTERNORM_HF310_ÜVEGEZÉS_3N2_TÁVTARTÓ_ANYAGA_ALUMÍNIUM),
 @SCHEMA_NYÍLÁSZÁRÓ,@PRODUCT_HF310,@SCHEMA_NYÍLÁSZÁRÓ_HOPS,         0.072,  NULL,'[v] W/mK-ig');

SET @PARAM_HASH_INTERNORM_HF310_ÜVEGEZÉS_33U_TÁVTARTÓ_ANYAGA_ALUMÍNIUM=SHA1(CONCAT(@PARAM_INTERNORM_HF310_ÜVEGEZÉS,'=',@PARAMOPT_INTERNORM_HF310_ÜVEGEZÉS_33U,';',@PARAM_INTERNORM_HF310_TÁVTARTÓ_ANYAGA,'=',@PARAM_INTERNORM_HF310_TÁVTARTÓ_ANYAGA_ALUMÍNIUM));
INSERT INTO DOP_PROPERTIES(PARAM_HASH,SCHEMA_ID,PRODUCT_ID,PROPERTY_ID,VALUE,UNIT_MULTIPLIER,CONCAT_PATTERN) VALUES
(CONCAT(@RULE_SIMPLE,@PARAM_HASH_INTERNORM_HF310_ÜVEGEZÉS_33U_TÁVTARTÓ_ANYAGA_ALUMÍNIUM),
 @SCHEMA_NYÍLÁSZÁRÓ,@PRODUCT_HF310,@SCHEMA_NYÍLÁSZÁRÓ_HOUW,          0.88,  NULL,'[v] W/m2K-ig'),
(CONCAT(@RULE_SIMPLE,@PARAM_HASH_INTERNORM_HF310_ÜVEGEZÉS_33U_TÁVTARTÓ_ANYAGA_ALUMÍNIUM),
 @SCHEMA_NYÍLÁSZÁRÓ,@PRODUCT_HF310,@SCHEMA_NYÍLÁSZÁRÓ_HOPS,         0.079,  NULL,'[v] W/mK-ig');

SET @PARAM_HASH_INTERNORM_HF310_ÜVEGEZÉS_3FH_TÁVTARTÓ_ANYAGA_ALUMÍNIUM=SHA1(CONCAT(@PARAM_INTERNORM_HF310_ÜVEGEZÉS,'=',@PARAMOPT_INTERNORM_HF310_ÜVEGEZÉS_3FH,';',@PARAM_INTERNORM_HF310_TÁVTARTÓ_ANYAGA,'=',@PARAM_INTERNORM_HF310_TÁVTARTÓ_ANYAGA_ALUMÍNIUM));
INSERT INTO DOP_PROPERTIES(PARAM_HASH,SCHEMA_ID,PRODUCT_ID,PROPERTY_ID,VALUE,UNIT_MULTIPLIER,CONCAT_PATTERN) VALUES
(CONCAT(@RULE_SIMPLE,@PARAM_HASH_INTERNORM_HF310_ÜVEGEZÉS_3FH_TÁVTARTÓ_ANYAGA_ALUMÍNIUM),
 @SCHEMA_NYÍLÁSZÁRÓ,@PRODUCT_HF310,@SCHEMA_NYÍLÁSZÁRÓ_HOUW,          0.98,  NULL,'[v] W/m2K-ig'),
(CONCAT(@RULE_SIMPLE,@PARAM_HASH_INTERNORM_HF310_ÜVEGEZÉS_3FH_TÁVTARTÓ_ANYAGA_ALUMÍNIUM),
 @SCHEMA_NYÍLÁSZÁRÓ,@PRODUCT_HF310,@SCHEMA_NYÍLÁSZÁRÓ_HOPS,         0.092,  NULL,'[v] W/mK-ig');

SET @PARAM_HASH_INTERNORM_HF310_ÜVEGEZÉS_2KA_TÁVTARTÓ_ANYAGA_ALUMÍNIUM=SHA1(CONCAT(@PARAM_INTERNORM_HF310_ÜVEGEZÉS,'=',@PARAMOPT_INTERNORM_HF310_ÜVEGEZÉS_2KA,';',@PARAM_INTERNORM_HF310_TÁVTARTÓ_ANYAGA,'=',@PARAM_INTERNORM_HF310_TÁVTARTÓ_ANYAGA_ALUMÍNIUM));
INSERT INTO DOP_PROPERTIES(PARAM_HASH,SCHEMA_ID,PRODUCT_ID,PROPERTY_ID,VALUE,UNIT_MULTIPLIER,CONCAT_PATTERN) VALUES
(CONCAT(@RULE_SIMPLE,@PARAM_HASH_INTERNORM_HF310_ÜVEGEZÉS_2KA_TÁVTARTÓ_ANYAGA_ALUMÍNIUM),
 @SCHEMA_NYÍLÁSZÁRÓ,@PRODUCT_HF310,@SCHEMA_NYÍLÁSZÁRÓ_HOUW,           1.2,  NULL,'[v] W/m2K-ig'),
(CONCAT(@RULE_SIMPLE,@PARAM_HASH_INTERNORM_HF310_ÜVEGEZÉS_2KA_TÁVTARTÓ_ANYAGA_ALUMÍNIUM),
 @SCHEMA_NYÍLÁSZÁRÓ,@PRODUCT_HF310,@SCHEMA_NYÍLÁSZÁRÓ_HOPS,         0.079,  NULL,'[v] W/mK-ig');

SET @PARAM_HASH_INTERNORM_HF310_ÜVEGEZÉS_20L_TÁVTARTÓ_ANYAGA_ALUMÍNIUM=SHA1(CONCAT(@PARAM_INTERNORM_HF310_ÜVEGEZÉS,'=',@PARAMOPT_INTERNORM_HF310_ÜVEGEZÉS_20L,';',@PARAM_INTERNORM_HF310_TÁVTARTÓ_ANYAGA,'=',@PARAM_INTERNORM_HF310_TÁVTARTÓ_ANYAGA_ALUMÍNIUM));
INSERT INTO DOP_PROPERTIES(PARAM_HASH,SCHEMA_ID,PRODUCT_ID,PROPERTY_ID,VALUE,UNIT_MULTIPLIER,CONCAT_PATTERN) VALUES
(CONCAT(@RULE_SIMPLE,@PARAM_HASH_INTERNORM_HF310_ÜVEGEZÉS_20L_TÁVTARTÓ_ANYAGA_ALUMÍNIUM),
 @SCHEMA_NYÍLÁSZÁRÓ,@PRODUCT_HF310,@SCHEMA_NYÍLÁSZÁRÓ_HOUW,           1.2,  NULL,'[v] W/m2K-ig'),
(CONCAT(@RULE_SIMPLE,@PARAM_HASH_INTERNORM_HF310_ÜVEGEZÉS_20L_TÁVTARTÓ_ANYAGA_ALUMÍNIUM),
 @SCHEMA_NYÍLÁSZÁRÓ,@PRODUCT_HF310,@SCHEMA_NYÍLÁSZÁRÓ_HOPS,         0.057,  NULL,'[v] W/mK-ig');

SET @PARAM_HASH_INTERNORM_HF310_ÜVEGEZÉS_34N_TÁVTARTÓ_ANYAGA_ALUMÍNIUM=SHA1(CONCAT(@PARAM_INTERNORM_HF310_ÜVEGEZÉS,'=',@PARAMOPT_INTERNORM_HF310_ÜVEGEZÉS_34N,';',@PARAM_INTERNORM_HF310_TÁVTARTÓ_ANYAGA,'=',@PARAM_INTERNORM_HF310_TÁVTARTÓ_ANYAGA_ALUMÍNIUM));
INSERT INTO DOP_PROPERTIES(PARAM_HASH,SCHEMA_ID,PRODUCT_ID,PROPERTY_ID,VALUE,UNIT_MULTIPLIER,CONCAT_PATTERN) VALUES
(CONCAT(@RULE_SIMPLE,@PARAM_HASH_INTERNORM_HF310_ÜVEGEZÉS_34N_TÁVTARTÓ_ANYAGA_ALUMÍNIUM),
 @SCHEMA_NYÍLÁSZÁRÓ,@PRODUCT_HF310,@SCHEMA_NYÍLÁSZÁRÓ_HOUW,          0.88,  NULL,'[v] W/m2K-ig'),
(CONCAT(@RULE_SIMPLE,@PARAM_HASH_INTERNORM_HF310_ÜVEGEZÉS_34N_TÁVTARTÓ_ANYAGA_ALUMÍNIUM),
 @SCHEMA_NYÍLÁSZÁRÓ,@PRODUCT_HF310,@SCHEMA_NYÍLÁSZÁRÓ_HOPS,         0.079,  NULL,'[v] W/mK-ig');

SET @PARAM_HASH_INTERNORM_HF310_ÜVEGEZÉS_3NK_TÁVTARTÓ_ANYAGA_ALUMÍNIUM=SHA1(CONCAT(@PARAM_INTERNORM_HF310_ÜVEGEZÉS,'=',@PARAMOPT_INTERNORM_HF310_ÜVEGEZÉS_3NK,';',@PARAM_INTERNORM_HF310_TÁVTARTÓ_ANYAGA,'=',@PARAM_INTERNORM_HF310_TÁVTARTÓ_ANYAGA_ALUMÍNIUM));
INSERT INTO DOP_PROPERTIES(PARAM_HASH,SCHEMA_ID,PRODUCT_ID,PROPERTY_ID,VALUE,UNIT_MULTIPLIER,CONCAT_PATTERN) VALUES
(CONCAT(@RULE_SIMPLE,@PARAM_HASH_INTERNORM_HF310_ÜVEGEZÉS_3NK_TÁVTARTÓ_ANYAGA_ALUMÍNIUM),
 @SCHEMA_NYÍLÁSZÁRÓ,@PRODUCT_HF310,@SCHEMA_NYÍLÁSZÁRÓ_HOUW,          0.98,  NULL,'[v] W/m2K-ig'),
(CONCAT(@RULE_SIMPLE,@PARAM_HASH_INTERNORM_HF310_ÜVEGEZÉS_3NK_TÁVTARTÓ_ANYAGA_ALUMÍNIUM),
 @SCHEMA_NYÍLÁSZÁRÓ,@PRODUCT_HF310,@SCHEMA_NYÍLÁSZÁRÓ_HOPS,         0.092,  NULL,'[v] W/mK-ig');

SET @PARAM_HASH_INTERNORM_HF310_ÜVEGEZÉS_3P5_TÁVTARTÓ_ANYAGA_ALUMÍNIUM=SHA1(CONCAT(@PARAM_INTERNORM_HF310_ÜVEGEZÉS,'=',@PARAMOPT_INTERNORM_HF310_ÜVEGEZÉS_3P5,';',@PARAM_INTERNORM_HF310_TÁVTARTÓ_ANYAGA,'=',@PARAM_INTERNORM_HF310_TÁVTARTÓ_ANYAGA_ALUMÍNIUM));
INSERT INTO DOP_PROPERTIES(PARAM_HASH,SCHEMA_ID,PRODUCT_ID,PROPERTY_ID,VALUE,UNIT_MULTIPLIER,CONCAT_PATTERN) VALUES
(CONCAT(@RULE_SIMPLE,@PARAM_HASH_INTERNORM_HF310_ÜVEGEZÉS_3P5_TÁVTARTÓ_ANYAGA_ALUMÍNIUM),
 @SCHEMA_NYÍLÁSZÁRÓ,@PRODUCT_HF310,@SCHEMA_NYÍLÁSZÁRÓ_HOUW,          0.97,  NULL,'[v] W/m2K-ig'),
(CONCAT(@RULE_SIMPLE,@PARAM_HASH_INTERNORM_HF310_ÜVEGEZÉS_3P5_TÁVTARTÓ_ANYAGA_ALUMÍNIUM),
 @SCHEMA_NYÍLÁSZÁRÓ,@PRODUCT_HF310,@SCHEMA_NYÍLÁSZÁRÓ_HOPS,         0.061,  NULL,'[v] W/mK-ig');

SET @PARAM_HASH_INTERNORM_HF310_ÜVEGEZÉS_33U_ÜVEG_HŐSZIGETELŐ_BEVONATA_SOLARP=SHA1(CONCAT(@PARAM_INTERNORM_HF310_ÜVEGEZÉS,'=',@PARAMOPT_INTERNORM_HF310_ÜVEGEZÉS_33U,';',@PARAM_INTERNORM_HF310_ÜVEG_HŐSZIGETELŐ_BEVONATA,'=',@PARAM_INTERNORM_HF310_ÜVEG_HŐSZIGETELŐ_BEVONATA_SOLARP));
INSERT INTO DOP_PROPERTIES(PARAM_HASH,SCHEMA_ID,PRODUCT_ID,PROPERTY_ID,VALUE,UNIT_MULTIPLIER,CONCAT_PATTERN) VALUES
(CONCAT(@RULE_SIMPLE,@PARAM_HASH_INTERNORM_HF310_ÜVEGEZÉS_33U_ÜVEG_HŐSZIGETELŐ_BEVONATA_SOLARP),
 @SCHEMA_NYÍLÁSZÁRÓ,@PRODUCT_HF310,@SCHEMA_NYÍLÁSZÁRÓ_HOUW,          0.84,  NULL,'[v] W/m2K-ig'),
(CONCAT(@RULE_SIMPLE,@PARAM_HASH_INTERNORM_HF310_ÜVEGEZÉS_33U_ÜVEG_HŐSZIGETELŐ_BEVONATA_SOLARP),
 @SCHEMA_NYÍLÁSZÁRÓ,@PRODUCT_HF310,@SCHEMA_NYÍLÁSZÁRÓ_HOUG,           0.7,  NULL,'[v] W/m2K-ig');

SET @PARAM_HASH_INTERNORM_HF310_ÜVEGEZÉS_3FH_ÜVEG_HŐSZIGETELŐ_BEVONATA_SOLARP=SHA1(CONCAT(@PARAM_INTERNORM_HF310_ÜVEGEZÉS,'=',@PARAMOPT_INTERNORM_HF310_ÜVEGEZÉS_3FH,';',@PARAM_INTERNORM_HF310_ÜVEG_HŐSZIGETELŐ_BEVONATA,'=',@PARAM_INTERNORM_HF310_ÜVEG_HŐSZIGETELŐ_BEVONATA_SOLARP));
INSERT INTO DOP_PROPERTIES(PARAM_HASH,SCHEMA_ID,PRODUCT_ID,PROPERTY_ID,VALUE,UNIT_MULTIPLIER,CONCAT_PATTERN) VALUES
(CONCAT(@RULE_SIMPLE,@PARAM_HASH_INTERNORM_HF310_ÜVEGEZÉS_3FH_ÜVEG_HŐSZIGETELŐ_BEVONATA_SOLARP),
 @SCHEMA_NYÍLÁSZÁRÓ,@PRODUCT_HF310,@SCHEMA_NYÍLÁSZÁRÓ_HOUW,          0.94,  NULL,'[v] W/m2K-ig'),
(CONCAT(@RULE_SIMPLE,@PARAM_HASH_INTERNORM_HF310_ÜVEGEZÉS_3FH_ÜVEG_HŐSZIGETELŐ_BEVONATA_SOLARP),
 @SCHEMA_NYÍLÁSZÁRÓ,@PRODUCT_HF310,@SCHEMA_NYÍLÁSZÁRÓ_HOUG,           0.8,  NULL,'[v] W/m2K-ig'),
(CONCAT(@RULE_SIMPLE,@PARAM_HASH_INTERNORM_HF310_ÜVEGEZÉS_3FH_ÜVEG_HŐSZIGETELŐ_BEVONATA_SOLARP),
 @SCHEMA_NYÍLÁSZÁRÓ,@PRODUCT_HF310,@SCHEMA_NYÍLÁSZÁRÓ_HOUF,          0.87,  NULL,'[v] W/m2K-ig');

SET @PARAM_HASH_INTERNORM_HF310_ÜVEGEZÉS_2KA_ÜVEG_HŐSZIGETELŐ_BEVONATA_SOLARP=SHA1(CONCAT(@PARAM_INTERNORM_HF310_ÜVEGEZÉS,'=',@PARAMOPT_INTERNORM_HF310_ÜVEGEZÉS_2KA,';',@PARAM_INTERNORM_HF310_ÜVEG_HŐSZIGETELŐ_BEVONATA,'=',@PARAM_INTERNORM_HF310_ÜVEG_HŐSZIGETELŐ_BEVONATA_SOLARP));
INSERT INTO DOP_PROPERTIES(PARAM_HASH,SCHEMA_ID,PRODUCT_ID,PROPERTY_ID,VALUE,UNIT_MULTIPLIER,CONCAT_PATTERN) VALUES
(CONCAT(@RULE_SIMPLE,@PARAM_HASH_INTERNORM_HF310_ÜVEGEZÉS_2KA_ÜVEG_HŐSZIGETELŐ_BEVONATA_SOLARP),
 @SCHEMA_NYÍLÁSZÁRÓ,@PRODUCT_HF310,@SCHEMA_NYÍLÁSZÁRÓ_HOUW,          1.18,  NULL,'[v] W/m2K-ig'),
(CONCAT(@RULE_SIMPLE,@PARAM_HASH_INTERNORM_HF310_ÜVEGEZÉS_2KA_ÜVEG_HŐSZIGETELŐ_BEVONATA_SOLARP),
 @SCHEMA_NYÍLÁSZÁRÓ,@PRODUCT_HF310,@SCHEMA_NYÍLÁSZÁRÓ_HOUG,           1.1,  NULL,'[v] W/m2K-ig');

SET @PARAM_HASH_INTERNORM_HF310_ÜVEGEZÉS_20L_ÜVEG_HŐSZIGETELŐ_BEVONATA_SOLARP=SHA1(CONCAT(@PARAM_INTERNORM_HF310_ÜVEGEZÉS,'=',@PARAMOPT_INTERNORM_HF310_ÜVEGEZÉS_20L,';',@PARAM_INTERNORM_HF310_ÜVEG_HŐSZIGETELŐ_BEVONATA,'=',@PARAM_INTERNORM_HF310_ÜVEG_HŐSZIGETELŐ_BEVONATA_SOLARP));
INSERT INTO DOP_PROPERTIES(PARAM_HASH,SCHEMA_ID,PRODUCT_ID,PROPERTY_ID,VALUE,UNIT_MULTIPLIER,CONCAT_PATTERN) VALUES
(CONCAT(@RULE_SIMPLE,@PARAM_HASH_INTERNORM_HF310_ÜVEGEZÉS_20L_ÜVEG_HŐSZIGETELŐ_BEVONATA_SOLARP),
 @SCHEMA_NYÍLÁSZÁRÓ,@PRODUCT_HF310,@SCHEMA_NYÍLÁSZÁRÓ_HOUW,          1.19,  NULL,'[v] W/m2K-ig'),
(CONCAT(@RULE_SIMPLE,@PARAM_HASH_INTERNORM_HF310_ÜVEGEZÉS_20L_ÜVEG_HŐSZIGETELŐ_BEVONATA_SOLARP),
 @SCHEMA_NYÍLÁSZÁRÓ,@PRODUCT_HF310,@SCHEMA_NYÍLÁSZÁRÓ_HOUG,           1.2,  NULL,'[v] W/m2K-ig');

SET @PARAM_HASH_INTERNORM_HF310_ÜVEGEZÉS_34N_ÜVEG_HŐSZIGETELŐ_BEVONATA_SOLARP=SHA1(CONCAT(@PARAM_INTERNORM_HF310_ÜVEGEZÉS,'=',@PARAMOPT_INTERNORM_HF310_ÜVEGEZÉS_34N,';',@PARAM_INTERNORM_HF310_ÜVEG_HŐSZIGETELŐ_BEVONATA,'=',@PARAM_INTERNORM_HF310_ÜVEG_HŐSZIGETELŐ_BEVONATA_SOLARP));
INSERT INTO DOP_PROPERTIES(PARAM_HASH,SCHEMA_ID,PRODUCT_ID,PROPERTY_ID,VALUE,UNIT_MULTIPLIER,CONCAT_PATTERN) VALUES
(CONCAT(@RULE_SIMPLE,@PARAM_HASH_INTERNORM_HF310_ÜVEGEZÉS_34N_ÜVEG_HŐSZIGETELŐ_BEVONATA_SOLARP),
 @SCHEMA_NYÍLÁSZÁRÓ,@PRODUCT_HF310,@SCHEMA_NYÍLÁSZÁRÓ_HOUW,          0.84,  NULL,'[v] W/m2K-ig'),
(CONCAT(@RULE_SIMPLE,@PARAM_HASH_INTERNORM_HF310_ÜVEGEZÉS_34N_ÜVEG_HŐSZIGETELŐ_BEVONATA_SOLARP),
 @SCHEMA_NYÍLÁSZÁRÓ,@PRODUCT_HF310,@SCHEMA_NYÍLÁSZÁRÓ_HOUG,           0.7,  NULL,'[v] W/m2K-ig');

SET @PARAM_HASH_INTERNORM_HF310_ÜVEGEZÉS_3NK_ÜVEG_HŐSZIGETELŐ_BEVONATA_SOLARP=SHA1(CONCAT(@PARAM_INTERNORM_HF310_ÜVEGEZÉS,'=',@PARAMOPT_INTERNORM_HF310_ÜVEGEZÉS_3NK,';',@PARAM_INTERNORM_HF310_ÜVEG_HŐSZIGETELŐ_BEVONATA,'=',@PARAM_INTERNORM_HF310_ÜVEG_HŐSZIGETELŐ_BEVONATA_SOLARP));
INSERT INTO DOP_PROPERTIES(PARAM_HASH,SCHEMA_ID,PRODUCT_ID,PROPERTY_ID,VALUE,UNIT_MULTIPLIER,CONCAT_PATTERN) VALUES
(CONCAT(@RULE_SIMPLE,@PARAM_HASH_INTERNORM_HF310_ÜVEGEZÉS_3NK_ÜVEG_HŐSZIGETELŐ_BEVONATA_SOLARP),
 @SCHEMA_NYÍLÁSZÁRÓ,@PRODUCT_HF310,@SCHEMA_NYÍLÁSZÁRÓ_HOUW,          0.94,  NULL,'[v] W/m2K-ig'),
(CONCAT(@RULE_SIMPLE,@PARAM_HASH_INTERNORM_HF310_ÜVEGEZÉS_3NK_ÜVEG_HŐSZIGETELŐ_BEVONATA_SOLARP),
 @SCHEMA_NYÍLÁSZÁRÓ,@PRODUCT_HF310,@SCHEMA_NYÍLÁSZÁRÓ_HOUG,           0.8,  NULL,'[v] W/m2K-ig'),
(CONCAT(@RULE_SIMPLE,@PARAM_HASH_INTERNORM_HF310_ÜVEGEZÉS_3NK_ÜVEG_HŐSZIGETELŐ_BEVONATA_SOLARP),
 @SCHEMA_NYÍLÁSZÁRÓ,@PRODUCT_HF310,@SCHEMA_NYÍLÁSZÁRÓ_HOUF,          0.87,  NULL,'[v] W/m2K-ig');

SET @PARAM_HASH_INTERNORM_HF310_ÜVEGEZÉS_3P5_ÜVEG_HŐSZIGETELŐ_BEVONATA_SOLARP=SHA1(CONCAT(@PARAM_INTERNORM_HF310_ÜVEGEZÉS,'=',@PARAMOPT_INTERNORM_HF310_ÜVEGEZÉS_3P5,';',@PARAM_INTERNORM_HF310_ÜVEG_HŐSZIGETELŐ_BEVONATA,'=',@PARAM_INTERNORM_HF310_ÜVEG_HŐSZIGETELŐ_BEVONATA_SOLARP));
INSERT INTO DOP_PROPERTIES(PARAM_HASH,SCHEMA_ID,PRODUCT_ID,PROPERTY_ID,VALUE,UNIT_MULTIPLIER,CONCAT_PATTERN) VALUES
(CONCAT(@RULE_SIMPLE,@PARAM_HASH_INTERNORM_HF310_ÜVEGEZÉS_3P5_ÜVEG_HŐSZIGETELŐ_BEVONATA_SOLARP),
 @SCHEMA_NYÍLÁSZÁRÓ,@PRODUCT_HF310,@SCHEMA_NYÍLÁSZÁRÓ_HOUW,          NULL,  NULL,''),
(CONCAT(@RULE_SIMPLE,@PARAM_HASH_INTERNORM_HF310_ÜVEGEZÉS_3P5_ÜVEG_HŐSZIGETELŐ_BEVONATA_SOLARP),
 @SCHEMA_NYÍLÁSZÁRÓ,@PRODUCT_HF310,@SCHEMA_NYÍLÁSZÁRÓ_HOUG,          NULL,  NULL,''),
(CONCAT(@RULE_SIMPLE,@PARAM_HASH_INTERNORM_HF310_ÜVEGEZÉS_3P5_ÜVEG_HŐSZIGETELŐ_BEVONATA_SOLARP),
 @SCHEMA_NYÍLÁSZÁRÓ,@PRODUCT_HF310,@SCHEMA_NYÍLÁSZÁRÓ_HOUF,          NULL,  NULL,''),
(CONCAT(@RULE_SIMPLE,@PARAM_HASH_INTERNORM_HF310_ÜVEGEZÉS_3P5_ÜVEG_HŐSZIGETELŐ_BEVONATA_SOLARP),
 @SCHEMA_NYÍLÁSZÁRÓ,@PRODUCT_HF310,@SCHEMA_NYÍLÁSZÁRÓ_HOPS,          NULL,  NULL,'');

SET @PARAM_HASH_INTERNORM_HF310_TÁVTARTÓ_ANYAGA_ALUMÍNIUM_ÜVEG_HŐSZIGETELŐ_BEVONATA_SOLARP=SHA1(CONCAT(@PARAM_INTERNORM_HF310_TÁVTARTÓ_ANYAGA,'=',@PARAM_INTERNORM_HF310_TÁVTARTÓ_ANYAGA_ALUMÍNIUM,';',@PARAM_INTERNORM_HF310_ÜVEG_HŐSZIGETELŐ_BEVONATA,'=',@PARAM_INTERNORM_HF310_ÜVEG_HŐSZIGETELŐ_BEVONATA_SOLARP));
INSERT INTO DOP_PROPERTIES(PARAM_HASH,SCHEMA_ID,PRODUCT_ID,PROPERTY_ID,VALUE,UNIT_MULTIPLIER,CONCAT_PATTERN) VALUES
(CONCAT(@RULE_SIMPLE,@PARAM_HASH_INTERNORM_HF310_TÁVTARTÓ_ANYAGA_ALUMÍNIUM_ÜVEG_HŐSZIGETELŐ_BEVONATA_SOLARP),
 @SCHEMA_NYÍLÁSZÁRÓ,@PRODUCT_HF310,@SCHEMA_NYÍLÁSZÁRÓ_HOUW,          0.86,  NULL,'[v] W/m2K-ig');

-- 3/3

SET @PARAM_HASH_INTERNORM_HF310_ÜVEGEZÉS_3N2_TÁVTARTÓ_ANYAGA_MŰANYAG_ÜVEG_HŐSZIGETELŐ_BEVONATA_LIGHT=SHA1(CONCAT(@PARAM_INTERNORM_HF310_ÜVEGEZÉS,'=',@PARAMOPT_INTERNORM_HF310_ÜVEGEZÉS_3N2,';',@PARAM_INTERNORM_HF310_TÁVTARTÓ_ANYAGA,'=',@PARAM_INTERNORM_HF310_TÁVTARTÓ_ANYAGA_MŰANYAG,';',@PARAM_INTERNORM_HF310_ÜVEG_HŐSZIGETELŐ_BEVONATA,'=',@PARAM_INTERNORM_HF310_ÜVEG_HŐSZIGETELŐ_BEVONATA_LIGHT));
INSERT INTO DOP_PROPERTIES(PARAM_HASH,SCHEMA_ID,PRODUCT_ID,PROPERTY_ID,VALUE,UNIT_MULTIPLIER,CONCAT_PATTERN) VALUES
(CONCAT(@RULE_SIMPLE,@PARAM_HASH_INTERNORM_HF310_ÜVEGEZÉS_3N2_TÁVTARTÓ_ANYAGA_MŰANYAG_ÜVEG_HŐSZIGETELŐ_BEVONATA_LIGHT),
 @SCHEMA_NYÍLÁSZÁRÓ,@PRODUCT_HF310,@SCHEMA_NYÍLÁSZÁRÓ_HOUW,          0.69,     1,'[v] W/m2K'),
(CONCAT(@RULE_SIMPLE,@PARAM_HASH_INTERNORM_HF310_ÜVEGEZÉS_3N2_TÁVTARTÓ_ANYAGA_MŰANYAG_ÜVEG_HŐSZIGETELŐ_BEVONATA_LIGHT),
 @SCHEMA_NYÍLÁSZÁRÓ,@PRODUCT_HF310,@SCHEMA_NYÍLÁSZÁRÓ_HOUG,           0.5,     1,'[v] W/m2K'),
(CONCAT(@RULE_SIMPLE,@PARAM_HASH_INTERNORM_HF310_ÜVEGEZÉS_3N2_TÁVTARTÓ_ANYAGA_MŰANYAG_ÜVEG_HŐSZIGETELŐ_BEVONATA_LIGHT),
 @SCHEMA_NYÍLÁSZÁRÓ,@PRODUCT_HF310,@SCHEMA_NYÍLÁSZÁRÓ_HOUF,          0.86,     1,'[v] W/m2K'),
(CONCAT(@RULE_SIMPLE,@PARAM_HASH_INTERNORM_HF310_ÜVEGEZÉS_3N2_TÁVTARTÓ_ANYAGA_MŰANYAG_ÜVEG_HŐSZIGETELŐ_BEVONATA_LIGHT),
 @SCHEMA_NYÍLÁSZÁRÓ,@PRODUCT_HF310,@SCHEMA_NYÍLÁSZÁRÓ_HOPS,         0.033,     1,'[v] W/mK');

SET @PARAM_HASH_INTERNORM_HF310_ÜVEGEZÉS_3N2_TÁVTARTÓ_ANYAGA_MŰANYAG_ÜVEG_HŐSZIGETELŐ_BEVONATA_SOLARP=SHA1(CONCAT(@PARAM_INTERNORM_HF310_ÜVEGEZÉS,'=',@PARAMOPT_INTERNORM_HF310_ÜVEGEZÉS_3N2,';',@PARAM_INTERNORM_HF310_TÁVTARTÓ_ANYAGA,'=',@PARAM_INTERNORM_HF310_TÁVTARTÓ_ANYAGA_MŰANYAG,';',@PARAM_INTERNORM_HF310_ÜVEG_HŐSZIGETELŐ_BEVONATA,'=',@PARAM_INTERNORM_HF310_ÜVEG_HŐSZIGETELŐ_BEVONATA_SOLARP));
INSERT INTO DOP_PROPERTIES(PARAM_HASH,SCHEMA_ID,PRODUCT_ID,PROPERTY_ID,VALUE,UNIT_MULTIPLIER,CONCAT_PATTERN) VALUES
(CONCAT(@RULE_SIMPLE,@PARAM_HASH_INTERNORM_HF310_ÜVEGEZÉS_3N2_TÁVTARTÓ_ANYAGA_MŰANYAG_ÜVEG_HŐSZIGETELŐ_BEVONATA_SOLARP),
 @SCHEMA_NYÍLÁSZÁRÓ,@PRODUCT_HF310,@SCHEMA_NYÍLÁSZÁRÓ_HOUW,          0.76,     1,'[v] W/m2K'),
(CONCAT(@RULE_SIMPLE,@PARAM_HASH_INTERNORM_HF310_ÜVEGEZÉS_3N2_TÁVTARTÓ_ANYAGA_MŰANYAG_ÜVEG_HŐSZIGETELŐ_BEVONATA_SOLARP),
 @SCHEMA_NYÍLÁSZÁRÓ,@PRODUCT_HF310,@SCHEMA_NYÍLÁSZÁRÓ_HOUG,           0.6,     1,'[v] W/m2K'),
(CONCAT(@RULE_SIMPLE,@PARAM_HASH_INTERNORM_HF310_ÜVEGEZÉS_3N2_TÁVTARTÓ_ANYAGA_MŰANYAG_ÜVEG_HŐSZIGETELŐ_BEVONATA_SOLARP),
 @SCHEMA_NYÍLÁSZÁRÓ,@PRODUCT_HF310,@SCHEMA_NYÍLÁSZÁRÓ_HOUF,          0.86,     1,'[v] W/m2K'),
(CONCAT(@RULE_SIMPLE,@PARAM_HASH_INTERNORM_HF310_ÜVEGEZÉS_3N2_TÁVTARTÓ_ANYAGA_MŰANYAG_ÜVEG_HŐSZIGETELŐ_BEVONATA_SOLARP),
 @SCHEMA_NYÍLÁSZÁRÓ,@PRODUCT_HF310,@SCHEMA_NYÍLÁSZÁRÓ_HOPS,         0.033,     1,'[v] W/mK');

SET @PARAM_HASH_INTERNORM_HF310_ÜVEGEZÉS_3N2_TÁVTARTÓ_ANYAGA_ALUMÍNIUM_ÜVEG_HŐSZIGETELŐ_BEVONATA_LIGHT=SHA1(CONCAT(@PARAM_INTERNORM_HF310_ÜVEGEZÉS,'=',@PARAMOPT_INTERNORM_HF310_ÜVEGEZÉS_3N2,';',@PARAM_INTERNORM_HF310_TÁVTARTÓ_ANYAGA,'=',@PARAM_INTERNORM_HF310_TÁVTARTÓ_ANYAGA_ALUMÍNIUM,';',@PARAM_INTERNORM_HF310_ÜVEG_HŐSZIGETELŐ_BEVONATA,'=',@PARAM_INTERNORM_HF310_ÜVEG_HŐSZIGETELŐ_BEVONATA_LIGHT));
INSERT INTO DOP_PROPERTIES(PARAM_HASH,SCHEMA_ID,PRODUCT_ID,PROPERTY_ID,VALUE,UNIT_MULTIPLIER,CONCAT_PATTERN) VALUES
(CONCAT(@RULE_SIMPLE,@PARAM_HASH_INTERNORM_HF310_ÜVEGEZÉS_3N2_TÁVTARTÓ_ANYAGA_ALUMÍNIUM_ÜVEG_HŐSZIGETELŐ_BEVONATA_LIGHT),
 @SCHEMA_NYÍLÁSZÁRÓ,@PRODUCT_HF310,@SCHEMA_NYÍLÁSZÁRÓ_HOUW,          0.79,     1,'[v] W/m2K'),
(CONCAT(@RULE_SIMPLE,@PARAM_HASH_INTERNORM_HF310_ÜVEGEZÉS_3N2_TÁVTARTÓ_ANYAGA_ALUMÍNIUM_ÜVEG_HŐSZIGETELŐ_BEVONATA_LIGHT),
 @SCHEMA_NYÍLÁSZÁRÓ,@PRODUCT_HF310,@SCHEMA_NYÍLÁSZÁRÓ_HOUG,           0.5,     1,'[v] W/m2K'),
(CONCAT(@RULE_SIMPLE,@PARAM_HASH_INTERNORM_HF310_ÜVEGEZÉS_3N2_TÁVTARTÓ_ANYAGA_ALUMÍNIUM_ÜVEG_HŐSZIGETELŐ_BEVONATA_LIGHT),
 @SCHEMA_NYÍLÁSZÁRÓ,@PRODUCT_HF310,@SCHEMA_NYÍLÁSZÁRÓ_HOUF,          0.86,     1,'[v] W/m2K'),
(CONCAT(@RULE_SIMPLE,@PARAM_HASH_INTERNORM_HF310_ÜVEGEZÉS_3N2_TÁVTARTÓ_ANYAGA_ALUMÍNIUM_ÜVEG_HŐSZIGETELŐ_BEVONATA_LIGHT),
 @SCHEMA_NYÍLÁSZÁRÓ,@PRODUCT_HF310,@SCHEMA_NYÍLÁSZÁRÓ_HOPS,         0.072,     1,'[v] W/mK');

SET @PARAM_HASH_INTERNORM_HF310_ÜVEGEZÉS_3N2_TÁVTARTÓ_ANYAGA_ALUMÍNIUM_ÜVEG_HŐSZIGETELŐ_BEVONATA_SOLARP=SHA1(CONCAT(@PARAM_INTERNORM_HF310_ÜVEGEZÉS,'=',@PARAMOPT_INTERNORM_HF310_ÜVEGEZÉS_3N2,';',@PARAM_INTERNORM_HF310_TÁVTARTÓ_ANYAGA,'=',@PARAM_INTERNORM_HF310_TÁVTARTÓ_ANYAGA_ALUMÍNIUM,';',@PARAM_INTERNORM_HF310_ÜVEG_HŐSZIGETELŐ_BEVONATA,'=',@PARAM_INTERNORM_HF310_ÜVEG_HŐSZIGETELŐ_BEVONATA_SOLARP));
INSERT INTO DOP_PROPERTIES(PARAM_HASH,SCHEMA_ID,PRODUCT_ID,PROPERTY_ID,VALUE,UNIT_MULTIPLIER,CONCAT_PATTERN) VALUES
(CONCAT(@RULE_SIMPLE,@PARAM_HASH_INTERNORM_HF310_ÜVEGEZÉS_3N2_TÁVTARTÓ_ANYAGA_ALUMÍNIUM_ÜVEG_HŐSZIGETELŐ_BEVONATA_SOLARP),
 @SCHEMA_NYÍLÁSZÁRÓ,@PRODUCT_HF310,@SCHEMA_NYÍLÁSZÁRÓ_HOUW,          0.86,     1,'[v] W/m2K'),
(CONCAT(@RULE_SIMPLE,@PARAM_HASH_INTERNORM_HF310_ÜVEGEZÉS_3N2_TÁVTARTÓ_ANYAGA_ALUMÍNIUM_ÜVEG_HŐSZIGETELŐ_BEVONATA_SOLARP),
 @SCHEMA_NYÍLÁSZÁRÓ,@PRODUCT_HF310,@SCHEMA_NYÍLÁSZÁRÓ_HOUG,           0.6,     1,'[v] W/m2K'),
(CONCAT(@RULE_SIMPLE,@PARAM_HASH_INTERNORM_HF310_ÜVEGEZÉS_3N2_TÁVTARTÓ_ANYAGA_ALUMÍNIUM_ÜVEG_HŐSZIGETELŐ_BEVONATA_SOLARP),
 @SCHEMA_NYÍLÁSZÁRÓ,@PRODUCT_HF310,@SCHEMA_NYÍLÁSZÁRÓ_HOUF,          0.86,     1,'[v] W/m2K'),
(CONCAT(@RULE_SIMPLE,@PARAM_HASH_INTERNORM_HF310_ÜVEGEZÉS_3N2_TÁVTARTÓ_ANYAGA_ALUMÍNIUM_ÜVEG_HŐSZIGETELŐ_BEVONATA_SOLARP),
 @SCHEMA_NYÍLÁSZÁRÓ,@PRODUCT_HF310,@SCHEMA_NYÍLÁSZÁRÓ_HOPS,         0.072,     1,'[v] W/mK');

SET @PARAM_HASH_INTERNORM_HF310_ÜVEGEZÉS_33U_TÁVTARTÓ_ANYAGA_MŰANYAG_ÜVEG_HŐSZIGETELŐ_BEVONATA_LIGHT=SHA1(CONCAT(@PARAM_INTERNORM_HF310_ÜVEGEZÉS,'=',@PARAMOPT_INTERNORM_HF310_ÜVEGEZÉS_33U,';',@PARAM_INTERNORM_HF310_TÁVTARTÓ_ANYAGA,'=',@PARAM_INTERNORM_HF310_TÁVTARTÓ_ANYAGA_MŰANYAG,';',@PARAM_INTERNORM_HF310_ÜVEG_HŐSZIGETELŐ_BEVONATA,'=',@PARAM_INTERNORM_HF310_ÜVEG_HŐSZIGETELŐ_BEVONATA_LIGHT));
INSERT INTO DOP_PROPERTIES(PARAM_HASH,SCHEMA_ID,PRODUCT_ID,PROPERTY_ID,VALUE,UNIT_MULTIPLIER,CONCAT_PATTERN) VALUES
(CONCAT(@RULE_SIMPLE,@PARAM_HASH_INTERNORM_HF310_ÜVEGEZÉS_33U_TÁVTARTÓ_ANYAGA_MŰANYAG_ÜVEG_HŐSZIGETELŐ_BEVONATA_LIGHT),
 @SCHEMA_NYÍLÁSZÁRÓ,@PRODUCT_HF310,@SCHEMA_NYÍLÁSZÁRÓ_HOUW,          0.77,     1,'[v] W/m2K'),
(CONCAT(@RULE_SIMPLE,@PARAM_HASH_INTERNORM_HF310_ÜVEGEZÉS_33U_TÁVTARTÓ_ANYAGA_MŰANYAG_ÜVEG_HŐSZIGETELŐ_BEVONATA_LIGHT),
 @SCHEMA_NYÍLÁSZÁRÓ,@PRODUCT_HF310,@SCHEMA_NYÍLÁSZÁRÓ_HOUG,           0.6,     1,'[v] W/m2K'),
(CONCAT(@RULE_SIMPLE,@PARAM_HASH_INTERNORM_HF310_ÜVEGEZÉS_33U_TÁVTARTÓ_ANYAGA_MŰANYAG_ÜVEG_HŐSZIGETELŐ_BEVONATA_LIGHT),
 @SCHEMA_NYÍLÁSZÁRÓ,@PRODUCT_HF310,@SCHEMA_NYÍLÁSZÁRÓ_HOUF,          0.86,     1,'[v] W/m2K'),
(CONCAT(@RULE_SIMPLE,@PARAM_HASH_INTERNORM_HF310_ÜVEGEZÉS_33U_TÁVTARTÓ_ANYAGA_MŰANYAG_ÜVEG_HŐSZIGETELŐ_BEVONATA_LIGHT),
 @SCHEMA_NYÍLÁSZÁRÓ,@PRODUCT_HF310,@SCHEMA_NYÍLÁSZÁRÓ_HOPS,         0.036,     1,'[v] W/mK');

SET @PARAM_HASH_INTERNORM_HF310_ÜVEGEZÉS_33U_TÁVTARTÓ_ANYAGA_MŰANYAG_ÜVEG_HŐSZIGETELŐ_BEVONATA_SOLARP=SHA1(CONCAT(@PARAM_INTERNORM_HF310_ÜVEGEZÉS,'=',@PARAMOPT_INTERNORM_HF310_ÜVEGEZÉS_33U,';',@PARAM_INTERNORM_HF310_TÁVTARTÓ_ANYAGA,'=',@PARAM_INTERNORM_HF310_TÁVTARTÓ_ANYAGA_MŰANYAG,';',@PARAM_INTERNORM_HF310_ÜVEG_HŐSZIGETELŐ_BEVONATA,'=',@PARAM_INTERNORM_HF310_ÜVEG_HŐSZIGETELŐ_BEVONATA_SOLARP));
INSERT INTO DOP_PROPERTIES(PARAM_HASH,SCHEMA_ID,PRODUCT_ID,PROPERTY_ID,VALUE,UNIT_MULTIPLIER,CONCAT_PATTERN) VALUES
(CONCAT(@RULE_SIMPLE,@PARAM_HASH_INTERNORM_HF310_ÜVEGEZÉS_33U_TÁVTARTÓ_ANYAGA_MŰANYAG_ÜVEG_HŐSZIGETELŐ_BEVONATA_SOLARP),
 @SCHEMA_NYÍLÁSZÁRÓ,@PRODUCT_HF310,@SCHEMA_NYÍLÁSZÁRÓ_HOUW,          0.84,     1,'[v] W/m2K'),
(CONCAT(@RULE_SIMPLE,@PARAM_HASH_INTERNORM_HF310_ÜVEGEZÉS_33U_TÁVTARTÓ_ANYAGA_MŰANYAG_ÜVEG_HŐSZIGETELŐ_BEVONATA_SOLARP),
 @SCHEMA_NYÍLÁSZÁRÓ,@PRODUCT_HF310,@SCHEMA_NYÍLÁSZÁRÓ_HOUG,           0.7,     1,'[v] W/m2K'),
(CONCAT(@RULE_SIMPLE,@PARAM_HASH_INTERNORM_HF310_ÜVEGEZÉS_33U_TÁVTARTÓ_ANYAGA_MŰANYAG_ÜVEG_HŐSZIGETELŐ_BEVONATA_SOLARP),
 @SCHEMA_NYÍLÁSZÁRÓ,@PRODUCT_HF310,@SCHEMA_NYÍLÁSZÁRÓ_HOUF,          0.86,     1,'[v] W/m2K'),
(CONCAT(@RULE_SIMPLE,@PARAM_HASH_INTERNORM_HF310_ÜVEGEZÉS_33U_TÁVTARTÓ_ANYAGA_MŰANYAG_ÜVEG_HŐSZIGETELŐ_BEVONATA_SOLARP),
 @SCHEMA_NYÍLÁSZÁRÓ,@PRODUCT_HF310,@SCHEMA_NYÍLÁSZÁRÓ_HOPS,         0.036,     1,'[v] W/mK');

SET @PARAM_HASH_INTERNORM_HF310_ÜVEGEZÉS_33U_TÁVTARTÓ_ANYAGA_ALUMÍNIUM_ÜVEG_HŐSZIGETELŐ_BEVONATA_LIGHT=SHA1(CONCAT(@PARAM_INTERNORM_HF310_ÜVEGEZÉS,'=',@PARAMOPT_INTERNORM_HF310_ÜVEGEZÉS_33U,';',@PARAM_INTERNORM_HF310_TÁVTARTÓ_ANYAGA,'=',@PARAM_INTERNORM_HF310_TÁVTARTÓ_ANYAGA_ALUMÍNIUM,';',@PARAM_INTERNORM_HF310_ÜVEG_HŐSZIGETELŐ_BEVONATA,'=',@PARAM_INTERNORM_HF310_ÜVEG_HŐSZIGETELŐ_BEVONATA_LIGHT));
INSERT INTO DOP_PROPERTIES(PARAM_HASH,SCHEMA_ID,PRODUCT_ID,PROPERTY_ID,VALUE,UNIT_MULTIPLIER,CONCAT_PATTERN) VALUES
(CONCAT(@RULE_SIMPLE,@PARAM_HASH_INTERNORM_HF310_ÜVEGEZÉS_33U_TÁVTARTÓ_ANYAGA_ALUMÍNIUM_ÜVEG_HŐSZIGETELŐ_BEVONATA_LIGHT),
 @SCHEMA_NYÍLÁSZÁRÓ,@PRODUCT_HF310,@SCHEMA_NYÍLÁSZÁRÓ_HOUW,          0.88,     1,'[v] W/m2K'),
(CONCAT(@RULE_SIMPLE,@PARAM_HASH_INTERNORM_HF310_ÜVEGEZÉS_33U_TÁVTARTÓ_ANYAGA_ALUMÍNIUM_ÜVEG_HŐSZIGETELŐ_BEVONATA_LIGHT),
 @SCHEMA_NYÍLÁSZÁRÓ,@PRODUCT_HF310,@SCHEMA_NYÍLÁSZÁRÓ_HOUG,           0.6,     1,'[v] W/m2K'),
(CONCAT(@RULE_SIMPLE,@PARAM_HASH_INTERNORM_HF310_ÜVEGEZÉS_33U_TÁVTARTÓ_ANYAGA_ALUMÍNIUM_ÜVEG_HŐSZIGETELŐ_BEVONATA_LIGHT),
 @SCHEMA_NYÍLÁSZÁRÓ,@PRODUCT_HF310,@SCHEMA_NYÍLÁSZÁRÓ_HOUF,          0.86,     1,'[v] W/m2K'),
(CONCAT(@RULE_SIMPLE,@PARAM_HASH_INTERNORM_HF310_ÜVEGEZÉS_33U_TÁVTARTÓ_ANYAGA_ALUMÍNIUM_ÜVEG_HŐSZIGETELŐ_BEVONATA_LIGHT),
 @SCHEMA_NYÍLÁSZÁRÓ,@PRODUCT_HF310,@SCHEMA_NYÍLÁSZÁRÓ_HOPS,         0.079,     1,'[v] W/mK');

SET @PARAM_HASH_INTERNORM_HF310_ÜVEGEZÉS_33U_TÁVTARTÓ_ANYAGA_ALUMÍNIUM_ÜVEG_HŐSZIGETELŐ_BEVONATA_SOLARP=SHA1(CONCAT(@PARAM_INTERNORM_HF310_ÜVEGEZÉS,'=',@PARAMOPT_INTERNORM_HF310_ÜVEGEZÉS_33U,';',@PARAM_INTERNORM_HF310_TÁVTARTÓ_ANYAGA,'=',@PARAM_INTERNORM_HF310_TÁVTARTÓ_ANYAGA_ALUMÍNIUM,';',@PARAM_INTERNORM_HF310_ÜVEG_HŐSZIGETELŐ_BEVONATA,'=',@PARAM_INTERNORM_HF310_ÜVEG_HŐSZIGETELŐ_BEVONATA_SOLARP));
INSERT INTO DOP_PROPERTIES(PARAM_HASH,SCHEMA_ID,PRODUCT_ID,PROPERTY_ID,VALUE,UNIT_MULTIPLIER,CONCAT_PATTERN) VALUES
(CONCAT(@RULE_SIMPLE,@PARAM_HASH_INTERNORM_HF310_ÜVEGEZÉS_33U_TÁVTARTÓ_ANYAGA_ALUMÍNIUM_ÜVEG_HŐSZIGETELŐ_BEVONATA_SOLARP),
 @SCHEMA_NYÍLÁSZÁRÓ,@PRODUCT_HF310,@SCHEMA_NYÍLÁSZÁRÓ_HOUW,          0.95,     1,'[v] W/m2K'),
(CONCAT(@RULE_SIMPLE,@PARAM_HASH_INTERNORM_HF310_ÜVEGEZÉS_33U_TÁVTARTÓ_ANYAGA_ALUMÍNIUM_ÜVEG_HŐSZIGETELŐ_BEVONATA_SOLARP),
 @SCHEMA_NYÍLÁSZÁRÓ,@PRODUCT_HF310,@SCHEMA_NYÍLÁSZÁRÓ_HOUG,           0.7,     1,'[v] W/m2K'),
(CONCAT(@RULE_SIMPLE,@PARAM_HASH_INTERNORM_HF310_ÜVEGEZÉS_33U_TÁVTARTÓ_ANYAGA_ALUMÍNIUM_ÜVEG_HŐSZIGETELŐ_BEVONATA_SOLARP),
 @SCHEMA_NYÍLÁSZÁRÓ,@PRODUCT_HF310,@SCHEMA_NYÍLÁSZÁRÓ_HOUF,          0.86,     1,'[v] W/m2K'),
(CONCAT(@RULE_SIMPLE,@PARAM_HASH_INTERNORM_HF310_ÜVEGEZÉS_33U_TÁVTARTÓ_ANYAGA_ALUMÍNIUM_ÜVEG_HŐSZIGETELŐ_BEVONATA_SOLARP),
 @SCHEMA_NYÍLÁSZÁRÓ,@PRODUCT_HF310,@SCHEMA_NYÍLÁSZÁRÓ_HOPS,         0.079,     1,'[v] W/mK');

SET @PARAM_HASH_INTERNORM_HF310_ÜVEGEZÉS_3FH_TÁVTARTÓ_ANYAGA_MŰANYAG_ÜVEG_HŐSZIGETELŐ_BEVONATA_LIGHT=SHA1(CONCAT(@PARAM_INTERNORM_HF310_ÜVEGEZÉS,'=',@PARAMOPT_INTERNORM_HF310_ÜVEGEZÉS_3FH,';',@PARAM_INTERNORM_HF310_TÁVTARTÓ_ANYAGA,'=',@PARAM_INTERNORM_HF310_TÁVTARTÓ_ANYAGA_MŰANYAG,';',@PARAM_INTERNORM_HF310_ÜVEG_HŐSZIGETELŐ_BEVONATA,'=',@PARAM_INTERNORM_HF310_ÜVEG_HŐSZIGETELŐ_BEVONATA_LIGHT));
INSERT INTO DOP_PROPERTIES(PARAM_HASH,SCHEMA_ID,PRODUCT_ID,PROPERTY_ID,VALUE,UNIT_MULTIPLIER,CONCAT_PATTERN) VALUES
(CONCAT(@RULE_SIMPLE,@PARAM_HASH_INTERNORM_HF310_ÜVEGEZÉS_3FH_TÁVTARTÓ_ANYAGA_MŰANYAG_ÜVEG_HŐSZIGETELŐ_BEVONATA_LIGHT),
 @SCHEMA_NYÍLÁSZÁRÓ,@PRODUCT_HF310,@SCHEMA_NYÍLÁSZÁRÓ_HOUW,          0.87,     1,'[v] W/m2K'),
(CONCAT(@RULE_SIMPLE,@PARAM_HASH_INTERNORM_HF310_ÜVEGEZÉS_3FH_TÁVTARTÓ_ANYAGA_MŰANYAG_ÜVEG_HŐSZIGETELŐ_BEVONATA_LIGHT),
 @SCHEMA_NYÍLÁSZÁRÓ,@PRODUCT_HF310,@SCHEMA_NYÍLÁSZÁRÓ_HOUG,           0.7,     1,'[v] W/m2K'),
(CONCAT(@RULE_SIMPLE,@PARAM_HASH_INTERNORM_HF310_ÜVEGEZÉS_3FH_TÁVTARTÓ_ANYAGA_MŰANYAG_ÜVEG_HŐSZIGETELŐ_BEVONATA_LIGHT),
 @SCHEMA_NYÍLÁSZÁRÓ,@PRODUCT_HF310,@SCHEMA_NYÍLÁSZÁRÓ_HOUF,          0.86,     1,'[v] W/m2K'),
(CONCAT(@RULE_SIMPLE,@PARAM_HASH_INTERNORM_HF310_ÜVEGEZÉS_3FH_TÁVTARTÓ_ANYAGA_MŰANYAG_ÜVEG_HŐSZIGETELŐ_BEVONATA_LIGHT),
 @SCHEMA_NYÍLÁSZÁRÓ,@PRODUCT_HF310,@SCHEMA_NYÍLÁSZÁRÓ_HOPS,         0.047,     1,'[v] W/mK');

SET @PARAM_HASH_INTERNORM_HF310_ÜVEGEZÉS_3FH_TÁVTARTÓ_ANYAGA_MŰANYAG_ÜVEG_HŐSZIGETELŐ_BEVONATA_SOLARP=SHA1(CONCAT(@PARAM_INTERNORM_HF310_ÜVEGEZÉS,'=',@PARAMOPT_INTERNORM_HF310_ÜVEGEZÉS_3FH,';',@PARAM_INTERNORM_HF310_TÁVTARTÓ_ANYAGA,'=',@PARAM_INTERNORM_HF310_TÁVTARTÓ_ANYAGA_MŰANYAG,';',@PARAM_INTERNORM_HF310_ÜVEG_HŐSZIGETELŐ_BEVONATA,'=',@PARAM_INTERNORM_HF310_ÜVEG_HŐSZIGETELŐ_BEVONATA_SOLARP));
INSERT INTO DOP_PROPERTIES(PARAM_HASH,SCHEMA_ID,PRODUCT_ID,PROPERTY_ID,VALUE,UNIT_MULTIPLIER,CONCAT_PATTERN) VALUES
(CONCAT(@RULE_SIMPLE,@PARAM_HASH_INTERNORM_HF310_ÜVEGEZÉS_3FH_TÁVTARTÓ_ANYAGA_MŰANYAG_ÜVEG_HŐSZIGETELŐ_BEVONATA_SOLARP),
 @SCHEMA_NYÍLÁSZÁRÓ,@PRODUCT_HF310,@SCHEMA_NYÍLÁSZÁRÓ_HOUW,          0.94,     1,'[v] W/m2K'),
(CONCAT(@RULE_SIMPLE,@PARAM_HASH_INTERNORM_HF310_ÜVEGEZÉS_3FH_TÁVTARTÓ_ANYAGA_MŰANYAG_ÜVEG_HŐSZIGETELŐ_BEVONATA_SOLARP),
 @SCHEMA_NYÍLÁSZÁRÓ,@PRODUCT_HF310,@SCHEMA_NYÍLÁSZÁRÓ_HOUG,           0.8,     1,'[v] W/m2K'),
(CONCAT(@RULE_SIMPLE,@PARAM_HASH_INTERNORM_HF310_ÜVEGEZÉS_3FH_TÁVTARTÓ_ANYAGA_MŰANYAG_ÜVEG_HŐSZIGETELŐ_BEVONATA_SOLARP),
 @SCHEMA_NYÍLÁSZÁRÓ,@PRODUCT_HF310,@SCHEMA_NYÍLÁSZÁRÓ_HOUF,          0.87,     1,'[v] W/m2K'),
(CONCAT(@RULE_SIMPLE,@PARAM_HASH_INTERNORM_HF310_ÜVEGEZÉS_3FH_TÁVTARTÓ_ANYAGA_MŰANYAG_ÜVEG_HŐSZIGETELŐ_BEVONATA_SOLARP),
 @SCHEMA_NYÍLÁSZÁRÓ,@PRODUCT_HF310,@SCHEMA_NYÍLÁSZÁRÓ_HOPS,         0.047,     1,'[v] W/mK');

SET @PARAM_HASH_INTERNORM_HF310_ÜVEGEZÉS_3FH_TÁVTARTÓ_ANYAGA_ALUMÍNIUM_ÜVEG_HŐSZIGETELŐ_BEVONATA_LIGHT=SHA1(CONCAT(@PARAM_INTERNORM_HF310_ÜVEGEZÉS,'=',@PARAMOPT_INTERNORM_HF310_ÜVEGEZÉS_3FH,';',@PARAM_INTERNORM_HF310_TÁVTARTÓ_ANYAGA,'=',@PARAM_INTERNORM_HF310_TÁVTARTÓ_ANYAGA_ALUMÍNIUM,';',@PARAM_INTERNORM_HF310_ÜVEG_HŐSZIGETELŐ_BEVONATA,'=',@PARAM_INTERNORM_HF310_ÜVEG_HŐSZIGETELŐ_BEVONATA_LIGHT));
INSERT INTO DOP_PROPERTIES(PARAM_HASH,SCHEMA_ID,PRODUCT_ID,PROPERTY_ID,VALUE,UNIT_MULTIPLIER,CONCAT_PATTERN) VALUES
(CONCAT(@RULE_SIMPLE,@PARAM_HASH_INTERNORM_HF310_ÜVEGEZÉS_3FH_TÁVTARTÓ_ANYAGA_ALUMÍNIUM_ÜVEG_HŐSZIGETELŐ_BEVONATA_LIGHT),
 @SCHEMA_NYÍLÁSZÁRÓ,@PRODUCT_HF310,@SCHEMA_NYÍLÁSZÁRÓ_HOUW,          0.98,     1,'[v] W/m2K'),
(CONCAT(@RULE_SIMPLE,@PARAM_HASH_INTERNORM_HF310_ÜVEGEZÉS_3FH_TÁVTARTÓ_ANYAGA_ALUMÍNIUM_ÜVEG_HŐSZIGETELŐ_BEVONATA_LIGHT),
 @SCHEMA_NYÍLÁSZÁRÓ,@PRODUCT_HF310,@SCHEMA_NYÍLÁSZÁRÓ_HOUG,           0.7,     1,'[v] W/m2K'),
(CONCAT(@RULE_SIMPLE,@PARAM_HASH_INTERNORM_HF310_ÜVEGEZÉS_3FH_TÁVTARTÓ_ANYAGA_ALUMÍNIUM_ÜVEG_HŐSZIGETELŐ_BEVONATA_LIGHT),
 @SCHEMA_NYÍLÁSZÁRÓ,@PRODUCT_HF310,@SCHEMA_NYÍLÁSZÁRÓ_HOUF,          0.86,     1,'[v] W/m2K'),
(CONCAT(@RULE_SIMPLE,@PARAM_HASH_INTERNORM_HF310_ÜVEGEZÉS_3FH_TÁVTARTÓ_ANYAGA_ALUMÍNIUM_ÜVEG_HŐSZIGETELŐ_BEVONATA_LIGHT),
 @SCHEMA_NYÍLÁSZÁRÓ,@PRODUCT_HF310,@SCHEMA_NYÍLÁSZÁRÓ_HOPS,         0.092,     1,'[v] W/mK');

SET @PARAM_HASH_INTERNORM_HF310_ÜVEGEZÉS_3FH_TÁVTARTÓ_ANYAGA_ALUMÍNIUM_ÜVEG_HŐSZIGETELŐ_BEVONATA_SOLARP=SHA1(CONCAT(@PARAM_INTERNORM_HF310_ÜVEGEZÉS,'=',@PARAMOPT_INTERNORM_HF310_ÜVEGEZÉS_3FH,';',@PARAM_INTERNORM_HF310_TÁVTARTÓ_ANYAGA,'=',@PARAM_INTERNORM_HF310_TÁVTARTÓ_ANYAGA_ALUMÍNIUM,';',@PARAM_INTERNORM_HF310_ÜVEG_HŐSZIGETELŐ_BEVONATA,'=',@PARAM_INTERNORM_HF310_ÜVEG_HŐSZIGETELŐ_BEVONATA_SOLARP));
INSERT INTO DOP_PROPERTIES(PARAM_HASH,SCHEMA_ID,PRODUCT_ID,PROPERTY_ID,VALUE,UNIT_MULTIPLIER,CONCAT_PATTERN) VALUES
(CONCAT(@RULE_SIMPLE,@PARAM_HASH_INTERNORM_HF310_ÜVEGEZÉS_3FH_TÁVTARTÓ_ANYAGA_ALUMÍNIUM_ÜVEG_HŐSZIGETELŐ_BEVONATA_SOLARP),
 @SCHEMA_NYÍLÁSZÁRÓ,@PRODUCT_HF310,@SCHEMA_NYÍLÁSZÁRÓ_HOUW,          1.05,     1,'[v] W/m2K'),
(CONCAT(@RULE_SIMPLE,@PARAM_HASH_INTERNORM_HF310_ÜVEGEZÉS_3FH_TÁVTARTÓ_ANYAGA_ALUMÍNIUM_ÜVEG_HŐSZIGETELŐ_BEVONATA_SOLARP),
 @SCHEMA_NYÍLÁSZÁRÓ,@PRODUCT_HF310,@SCHEMA_NYÍLÁSZÁRÓ_HOUG,           0.8,     1,'[v] W/m2K'),
(CONCAT(@RULE_SIMPLE,@PARAM_HASH_INTERNORM_HF310_ÜVEGEZÉS_3FH_TÁVTARTÓ_ANYAGA_ALUMÍNIUM_ÜVEG_HŐSZIGETELŐ_BEVONATA_SOLARP),
 @SCHEMA_NYÍLÁSZÁRÓ,@PRODUCT_HF310,@SCHEMA_NYÍLÁSZÁRÓ_HOUF,          0.87,     1,'[v] W/m2K'),
(CONCAT(@RULE_SIMPLE,@PARAM_HASH_INTERNORM_HF310_ÜVEGEZÉS_3FH_TÁVTARTÓ_ANYAGA_ALUMÍNIUM_ÜVEG_HŐSZIGETELŐ_BEVONATA_SOLARP),
 @SCHEMA_NYÍLÁSZÁRÓ,@PRODUCT_HF310,@SCHEMA_NYÍLÁSZÁRÓ_HOPS,         0.092,     1,'[v] W/mK');

SET @PARAM_HASH_INTERNORM_HF310_ÜVEGEZÉS_2KA_TÁVTARTÓ_ANYAGA_MŰANYAG_ÜVEG_HŐSZIGETELŐ_BEVONATA_LIGHT=SHA1(CONCAT(@PARAM_INTERNORM_HF310_ÜVEGEZÉS,'=',@PARAMOPT_INTERNORM_HF310_ÜVEGEZÉS_2KA,';',@PARAM_INTERNORM_HF310_TÁVTARTÓ_ANYAGA,'=',@PARAM_INTERNORM_HF310_TÁVTARTÓ_ANYAGA_MŰANYAG,';',@PARAM_INTERNORM_HF310_ÜVEG_HŐSZIGETELŐ_BEVONATA,'=',@PARAM_INTERNORM_HF310_ÜVEG_HŐSZIGETELŐ_BEVONATA_LIGHT));
INSERT INTO DOP_PROPERTIES(PARAM_HASH,SCHEMA_ID,PRODUCT_ID,PROPERTY_ID,VALUE,UNIT_MULTIPLIER,CONCAT_PATTERN) VALUES
(CONCAT(@RULE_SIMPLE,@PARAM_HASH_INTERNORM_HF310_ÜVEGEZÉS_2KA_TÁVTARTÓ_ANYAGA_MŰANYAG_ÜVEG_HŐSZIGETELŐ_BEVONATA_LIGHT),
 @SCHEMA_NYÍLÁSZÁRÓ,@PRODUCT_HF310,@SCHEMA_NYÍLÁSZÁRÓ_HOUW,           1.1,     1,'[v] W/m2K'),
(CONCAT(@RULE_SIMPLE,@PARAM_HASH_INTERNORM_HF310_ÜVEGEZÉS_2KA_TÁVTARTÓ_ANYAGA_MŰANYAG_ÜVEG_HŐSZIGETELŐ_BEVONATA_LIGHT),
 @SCHEMA_NYÍLÁSZÁRÓ,@PRODUCT_HF310,@SCHEMA_NYÍLÁSZÁRÓ_HOUG,             1,     1,'[v] W/m2K'),
(CONCAT(@RULE_SIMPLE,@PARAM_HASH_INTERNORM_HF310_ÜVEGEZÉS_2KA_TÁVTARTÓ_ANYAGA_MŰANYAG_ÜVEG_HŐSZIGETELŐ_BEVONATA_LIGHT),
 @SCHEMA_NYÍLÁSZÁRÓ,@PRODUCT_HF310,@SCHEMA_NYÍLÁSZÁRÓ_HOUF,          0.89,     1,'[v] W/m2K'),
(CONCAT(@RULE_SIMPLE,@PARAM_HASH_INTERNORM_HF310_ÜVEGEZÉS_2KA_TÁVTARTÓ_ANYAGA_MŰANYAG_ÜVEG_HŐSZIGETELŐ_BEVONATA_LIGHT),
 @SCHEMA_NYÍLÁSZÁRÓ,@PRODUCT_HF310,@SCHEMA_NYÍLÁSZÁRÓ_HOPS,         0.057,     1,'[v] W/mK');

SET @PARAM_HASH_INTERNORM_HF310_ÜVEGEZÉS_2KA_TÁVTARTÓ_ANYAGA_MŰANYAG_ÜVEG_HŐSZIGETELŐ_BEVONATA_SOLARP=SHA1(CONCAT(@PARAM_INTERNORM_HF310_ÜVEGEZÉS,'=',@PARAMOPT_INTERNORM_HF310_ÜVEGEZÉS_2KA,';',@PARAM_INTERNORM_HF310_TÁVTARTÓ_ANYAGA,'=',@PARAM_INTERNORM_HF310_TÁVTARTÓ_ANYAGA_MŰANYAG,';',@PARAM_INTERNORM_HF310_ÜVEG_HŐSZIGETELŐ_BEVONATA,'=',@PARAM_INTERNORM_HF310_ÜVEG_HŐSZIGETELŐ_BEVONATA_SOLARP));
INSERT INTO DOP_PROPERTIES(PARAM_HASH,SCHEMA_ID,PRODUCT_ID,PROPERTY_ID,VALUE,UNIT_MULTIPLIER,CONCAT_PATTERN) VALUES
(CONCAT(@RULE_SIMPLE,@PARAM_HASH_INTERNORM_HF310_ÜVEGEZÉS_2KA_TÁVTARTÓ_ANYAGA_MŰANYAG_ÜVEG_HŐSZIGETELŐ_BEVONATA_SOLARP),
 @SCHEMA_NYÍLÁSZÁRÓ,@PRODUCT_HF310,@SCHEMA_NYÍLÁSZÁRÓ_HOUW,          1.18,     1,'[v] W/m2K'),
(CONCAT(@RULE_SIMPLE,@PARAM_HASH_INTERNORM_HF310_ÜVEGEZÉS_2KA_TÁVTARTÓ_ANYAGA_MŰANYAG_ÜVEG_HŐSZIGETELŐ_BEVONATA_SOLARP),
 @SCHEMA_NYÍLÁSZÁRÓ,@PRODUCT_HF310,@SCHEMA_NYÍLÁSZÁRÓ_HOUG,           1.1,     1,'[v] W/m2K'),
(CONCAT(@RULE_SIMPLE,@PARAM_HASH_INTERNORM_HF310_ÜVEGEZÉS_2KA_TÁVTARTÓ_ANYAGA_MŰANYAG_ÜVEG_HŐSZIGETELŐ_BEVONATA_SOLARP),
 @SCHEMA_NYÍLÁSZÁRÓ,@PRODUCT_HF310,@SCHEMA_NYÍLÁSZÁRÓ_HOUF,          0.89,     1,'[v] W/m2K'),
(CONCAT(@RULE_SIMPLE,@PARAM_HASH_INTERNORM_HF310_ÜVEGEZÉS_2KA_TÁVTARTÓ_ANYAGA_MŰANYAG_ÜVEG_HŐSZIGETELŐ_BEVONATA_SOLARP),
 @SCHEMA_NYÍLÁSZÁRÓ,@PRODUCT_HF310,@SCHEMA_NYÍLÁSZÁRÓ_HOPS,         0.057,     1,'[v] W/mK');

SET @PARAM_HASH_INTERNORM_HF310_ÜVEGEZÉS_2KA_TÁVTARTÓ_ANYAGA_ALUMÍNIUM_ÜVEG_HŐSZIGETELŐ_BEVONATA_LIGHT=SHA1(CONCAT(@PARAM_INTERNORM_HF310_ÜVEGEZÉS,'=',@PARAMOPT_INTERNORM_HF310_ÜVEGEZÉS_2KA,';',@PARAM_INTERNORM_HF310_TÁVTARTÓ_ANYAGA,'=',@PARAM_INTERNORM_HF310_TÁVTARTÓ_ANYAGA_ALUMÍNIUM,';',@PARAM_INTERNORM_HF310_ÜVEG_HŐSZIGETELŐ_BEVONATA,'=',@PARAM_INTERNORM_HF310_ÜVEG_HŐSZIGETELŐ_BEVONATA_LIGHT));
INSERT INTO DOP_PROPERTIES(PARAM_HASH,SCHEMA_ID,PRODUCT_ID,PROPERTY_ID,VALUE,UNIT_MULTIPLIER,CONCAT_PATTERN) VALUES
(CONCAT(@RULE_SIMPLE,@PARAM_HASH_INTERNORM_HF310_ÜVEGEZÉS_2KA_TÁVTARTÓ_ANYAGA_ALUMÍNIUM_ÜVEG_HŐSZIGETELŐ_BEVONATA_LIGHT),
 @SCHEMA_NYÍLÁSZÁRÓ,@PRODUCT_HF310,@SCHEMA_NYÍLÁSZÁRÓ_HOUW,           1.2,     1,'[v] W/m2K'),
(CONCAT(@RULE_SIMPLE,@PARAM_HASH_INTERNORM_HF310_ÜVEGEZÉS_2KA_TÁVTARTÓ_ANYAGA_ALUMÍNIUM_ÜVEG_HŐSZIGETELŐ_BEVONATA_LIGHT),
 @SCHEMA_NYÍLÁSZÁRÓ,@PRODUCT_HF310,@SCHEMA_NYÍLÁSZÁRÓ_HOUG,             1,     1,'[v] W/m2K'),
(CONCAT(@RULE_SIMPLE,@PARAM_HASH_INTERNORM_HF310_ÜVEGEZÉS_2KA_TÁVTARTÓ_ANYAGA_ALUMÍNIUM_ÜVEG_HŐSZIGETELŐ_BEVONATA_LIGHT),
 @SCHEMA_NYÍLÁSZÁRÓ,@PRODUCT_HF310,@SCHEMA_NYÍLÁSZÁRÓ_HOUF,          0.89,     1,'[v] W/m2K'),
(CONCAT(@RULE_SIMPLE,@PARAM_HASH_INTERNORM_HF310_ÜVEGEZÉS_2KA_TÁVTARTÓ_ANYAGA_ALUMÍNIUM_ÜVEG_HŐSZIGETELŐ_BEVONATA_LIGHT),
 @SCHEMA_NYÍLÁSZÁRÓ,@PRODUCT_HF310,@SCHEMA_NYÍLÁSZÁRÓ_HOPS,         0.079,     1,'[v] W/mK');

SET @PARAM_HASH_INTERNORM_HF310_ÜVEGEZÉS_2KA_TÁVTARTÓ_ANYAGA_ALUMÍNIUM_ÜVEG_HŐSZIGETELŐ_BEVONATA_SOLARP=SHA1(CONCAT(@PARAM_INTERNORM_HF310_ÜVEGEZÉS,'=',@PARAMOPT_INTERNORM_HF310_ÜVEGEZÉS_2KA,';',@PARAM_INTERNORM_HF310_TÁVTARTÓ_ANYAGA,'=',@PARAM_INTERNORM_HF310_TÁVTARTÓ_ANYAGA_ALUMÍNIUM,';',@PARAM_INTERNORM_HF310_ÜVEG_HŐSZIGETELŐ_BEVONATA,'=',@PARAM_INTERNORM_HF310_ÜVEG_HŐSZIGETELŐ_BEVONATA_SOLARP));
INSERT INTO DOP_PROPERTIES(PARAM_HASH,SCHEMA_ID,PRODUCT_ID,PROPERTY_ID,VALUE,UNIT_MULTIPLIER,CONCAT_PATTERN) VALUES
(CONCAT(@RULE_SIMPLE,@PARAM_HASH_INTERNORM_HF310_ÜVEGEZÉS_2KA_TÁVTARTÓ_ANYAGA_ALUMÍNIUM_ÜVEG_HŐSZIGETELŐ_BEVONATA_SOLARP),
 @SCHEMA_NYÍLÁSZÁRÓ,@PRODUCT_HF310,@SCHEMA_NYÍLÁSZÁRÓ_HOUW,          1.23,     1,'[v] W/m2K'),
(CONCAT(@RULE_SIMPLE,@PARAM_HASH_INTERNORM_HF310_ÜVEGEZÉS_2KA_TÁVTARTÓ_ANYAGA_ALUMÍNIUM_ÜVEG_HŐSZIGETELŐ_BEVONATA_SOLARP),
 @SCHEMA_NYÍLÁSZÁRÓ,@PRODUCT_HF310,@SCHEMA_NYÍLÁSZÁRÓ_HOUG,           1.1,     1,'[v] W/m2K'),
(CONCAT(@RULE_SIMPLE,@PARAM_HASH_INTERNORM_HF310_ÜVEGEZÉS_2KA_TÁVTARTÓ_ANYAGA_ALUMÍNIUM_ÜVEG_HŐSZIGETELŐ_BEVONATA_SOLARP),
 @SCHEMA_NYÍLÁSZÁRÓ,@PRODUCT_HF310,@SCHEMA_NYÍLÁSZÁRÓ_HOUF,          0.89,     1,'[v] W/m2K'),
(CONCAT(@RULE_SIMPLE,@PARAM_HASH_INTERNORM_HF310_ÜVEGEZÉS_2KA_TÁVTARTÓ_ANYAGA_ALUMÍNIUM_ÜVEG_HŐSZIGETELŐ_BEVONATA_SOLARP),
 @SCHEMA_NYÍLÁSZÁRÓ,@PRODUCT_HF310,@SCHEMA_NYÍLÁSZÁRÓ_HOPS,         0.079,     1,'[v] W/mK');

SET @PARAM_HASH_INTERNORM_HF310_ÜVEGEZÉS_20L_TÁVTARTÓ_ANYAGA_MŰANYAG_ÜVEG_HŐSZIGETELŐ_BEVONATA_LIGHT=SHA1(CONCAT(@PARAM_INTERNORM_HF310_ÜVEGEZÉS,'=',@PARAMOPT_INTERNORM_HF310_ÜVEGEZÉS_20L,';',@PARAM_INTERNORM_HF310_TÁVTARTÓ_ANYAGA,'=',@PARAM_INTERNORM_HF310_TÁVTARTÓ_ANYAGA_MŰANYAG,';',@PARAM_INTERNORM_HF310_ÜVEG_HŐSZIGETELŐ_BEVONATA,'=',@PARAM_INTERNORM_HF310_ÜVEG_HŐSZIGETELŐ_BEVONATA_LIGHT));
INSERT INTO DOP_PROPERTIES(PARAM_HASH,SCHEMA_ID,PRODUCT_ID,PROPERTY_ID,VALUE,UNIT_MULTIPLIER,CONCAT_PATTERN) VALUES
(CONCAT(@RULE_SIMPLE,@PARAM_HASH_INTERNORM_HF310_ÜVEGEZÉS_20L_TÁVTARTÓ_ANYAGA_MŰANYAG_ÜVEG_HŐSZIGETELŐ_BEVONATA_LIGHT),
 @SCHEMA_NYÍLÁSZÁRÓ,@PRODUCT_HF310,@SCHEMA_NYÍLÁSZÁRÓ_HOUW,           1.1,     1,'[v] W/m2K'),
(CONCAT(@RULE_SIMPLE,@PARAM_HASH_INTERNORM_HF310_ÜVEGEZÉS_20L_TÁVTARTÓ_ANYAGA_MŰANYAG_ÜVEG_HŐSZIGETELŐ_BEVONATA_LIGHT),
 @SCHEMA_NYÍLÁSZÁRÓ,@PRODUCT_HF310,@SCHEMA_NYÍLÁSZÁRÓ_HOUG,           1.1,     1,'[v] W/m2K'),
(CONCAT(@RULE_SIMPLE,@PARAM_HASH_INTERNORM_HF310_ÜVEGEZÉS_20L_TÁVTARTÓ_ANYAGA_MŰANYAG_ÜVEG_HŐSZIGETELŐ_BEVONATA_LIGHT),
 @SCHEMA_NYÍLÁSZÁRÓ,@PRODUCT_HF310,@SCHEMA_NYÍLÁSZÁRÓ_HOUF,          0.89,     1,'[v] W/m2K'),
(CONCAT(@RULE_SIMPLE,@PARAM_HASH_INTERNORM_HF310_ÜVEGEZÉS_20L_TÁVTARTÓ_ANYAGA_MŰANYAG_ÜVEG_HŐSZIGETELŐ_BEVONATA_LIGHT),
 @SCHEMA_NYÍLÁSZÁRÓ,@PRODUCT_HF310,@SCHEMA_NYÍLÁSZÁRÓ_HOPS,         0.035,     1,'[v] W/mK');

SET @PARAM_HASH_INTERNORM_HF310_ÜVEGEZÉS_20L_TÁVTARTÓ_ANYAGA_MŰANYAG_ÜVEG_HŐSZIGETELŐ_BEVONATA_SOLARP=SHA1(CONCAT(@PARAM_INTERNORM_HF310_ÜVEGEZÉS,'=',@PARAMOPT_INTERNORM_HF310_ÜVEGEZÉS_20L,';',@PARAM_INTERNORM_HF310_TÁVTARTÓ_ANYAGA,'=',@PARAM_INTERNORM_HF310_TÁVTARTÓ_ANYAGA_MŰANYAG,';',@PARAM_INTERNORM_HF310_ÜVEG_HŐSZIGETELŐ_BEVONATA,'=',@PARAM_INTERNORM_HF310_ÜVEG_HŐSZIGETELŐ_BEVONATA_SOLARP));
INSERT INTO DOP_PROPERTIES(PARAM_HASH,SCHEMA_ID,PRODUCT_ID,PROPERTY_ID,VALUE,UNIT_MULTIPLIER,CONCAT_PATTERN) VALUES
(CONCAT(@RULE_SIMPLE,@PARAM_HASH_INTERNORM_HF310_ÜVEGEZÉS_20L_TÁVTARTÓ_ANYAGA_MŰANYAG_ÜVEG_HŐSZIGETELŐ_BEVONATA_SOLARP),
 @SCHEMA_NYÍLÁSZÁRÓ,@PRODUCT_HF310,@SCHEMA_NYÍLÁSZÁRÓ_HOUW,          1.19,     1,'[v] W/m2K'),
(CONCAT(@RULE_SIMPLE,@PARAM_HASH_INTERNORM_HF310_ÜVEGEZÉS_20L_TÁVTARTÓ_ANYAGA_MŰANYAG_ÜVEG_HŐSZIGETELŐ_BEVONATA_SOLARP),
 @SCHEMA_NYÍLÁSZÁRÓ,@PRODUCT_HF310,@SCHEMA_NYÍLÁSZÁRÓ_HOUG,           1.2,     1,'[v] W/m2K'),
(CONCAT(@RULE_SIMPLE,@PARAM_HASH_INTERNORM_HF310_ÜVEGEZÉS_20L_TÁVTARTÓ_ANYAGA_MŰANYAG_ÜVEG_HŐSZIGETELŐ_BEVONATA_SOLARP),
 @SCHEMA_NYÍLÁSZÁRÓ,@PRODUCT_HF310,@SCHEMA_NYÍLÁSZÁRÓ_HOUF,          0.89,     1,'[v] W/m2K'),
(CONCAT(@RULE_SIMPLE,@PARAM_HASH_INTERNORM_HF310_ÜVEGEZÉS_20L_TÁVTARTÓ_ANYAGA_MŰANYAG_ÜVEG_HŐSZIGETELŐ_BEVONATA_SOLARP),
 @SCHEMA_NYÍLÁSZÁRÓ,@PRODUCT_HF310,@SCHEMA_NYÍLÁSZÁRÓ_HOPS,         0.035,     1,'[v] W/mK');

SET @PARAM_HASH_INTERNORM_HF310_ÜVEGEZÉS_20L_TÁVTARTÓ_ANYAGA_ALUMÍNIUM_ÜVEG_HŐSZIGETELŐ_BEVONATA_LIGHT=SHA1(CONCAT(@PARAM_INTERNORM_HF310_ÜVEGEZÉS,'=',@PARAMOPT_INTERNORM_HF310_ÜVEGEZÉS_20L,';',@PARAM_INTERNORM_HF310_TÁVTARTÓ_ANYAGA,'=',@PARAM_INTERNORM_HF310_TÁVTARTÓ_ANYAGA_ALUMÍNIUM,';',@PARAM_INTERNORM_HF310_ÜVEG_HŐSZIGETELŐ_BEVONATA,'=',@PARAM_INTERNORM_HF310_ÜVEG_HŐSZIGETELŐ_BEVONATA_LIGHT));
INSERT INTO DOP_PROPERTIES(PARAM_HASH,SCHEMA_ID,PRODUCT_ID,PROPERTY_ID,VALUE,UNIT_MULTIPLIER,CONCAT_PATTERN) VALUES
(CONCAT(@RULE_SIMPLE,@PARAM_HASH_INTERNORM_HF310_ÜVEGEZÉS_20L_TÁVTARTÓ_ANYAGA_ALUMÍNIUM_ÜVEG_HŐSZIGETELŐ_BEVONATA_LIGHT),
 @SCHEMA_NYÍLÁSZÁRÓ,@PRODUCT_HF310,@SCHEMA_NYÍLÁSZÁRÓ_HOUW,           1.2,     1,'[v] W/m2K'),
(CONCAT(@RULE_SIMPLE,@PARAM_HASH_INTERNORM_HF310_ÜVEGEZÉS_20L_TÁVTARTÓ_ANYAGA_ALUMÍNIUM_ÜVEG_HŐSZIGETELŐ_BEVONATA_LIGHT),
 @SCHEMA_NYÍLÁSZÁRÓ,@PRODUCT_HF310,@SCHEMA_NYÍLÁSZÁRÓ_HOUG,           1.1,     1,'[v] W/m2K'),
(CONCAT(@RULE_SIMPLE,@PARAM_HASH_INTERNORM_HF310_ÜVEGEZÉS_20L_TÁVTARTÓ_ANYAGA_ALUMÍNIUM_ÜVEG_HŐSZIGETELŐ_BEVONATA_LIGHT),
 @SCHEMA_NYÍLÁSZÁRÓ,@PRODUCT_HF310,@SCHEMA_NYÍLÁSZÁRÓ_HOUF,          0.89,     1,'[v] W/m2K'),
(CONCAT(@RULE_SIMPLE,@PARAM_HASH_INTERNORM_HF310_ÜVEGEZÉS_20L_TÁVTARTÓ_ANYAGA_ALUMÍNIUM_ÜVEG_HŐSZIGETELŐ_BEVONATA_LIGHT),
 @SCHEMA_NYÍLÁSZÁRÓ,@PRODUCT_HF310,@SCHEMA_NYÍLÁSZÁRÓ_HOPS,         0.057,     1,'[v] W/mK');

SET @PARAM_HASH_INTERNORM_HF310_ÜVEGEZÉS_20L_TÁVTARTÓ_ANYAGA_ALUMÍNIUM_ÜVEG_HŐSZIGETELŐ_BEVONATA_SOLARP=SHA1(CONCAT(@PARAM_INTERNORM_HF310_ÜVEGEZÉS,'=',@PARAMOPT_INTERNORM_HF310_ÜVEGEZÉS_20L,';',@PARAM_INTERNORM_HF310_TÁVTARTÓ_ANYAGA,'=',@PARAM_INTERNORM_HF310_TÁVTARTÓ_ANYAGA_ALUMÍNIUM,';',@PARAM_INTERNORM_HF310_ÜVEG_HŐSZIGETELŐ_BEVONATA,'=',@PARAM_INTERNORM_HF310_ÜVEG_HŐSZIGETELŐ_BEVONATA_SOLARP));
INSERT INTO DOP_PROPERTIES(PARAM_HASH,SCHEMA_ID,PRODUCT_ID,PROPERTY_ID,VALUE,UNIT_MULTIPLIER,CONCAT_PATTERN) VALUES
(CONCAT(@RULE_SIMPLE,@PARAM_HASH_INTERNORM_HF310_ÜVEGEZÉS_20L_TÁVTARTÓ_ANYAGA_ALUMÍNIUM_ÜVEG_HŐSZIGETELŐ_BEVONATA_SOLARP),
 @SCHEMA_NYÍLÁSZÁRÓ,@PRODUCT_HF310,@SCHEMA_NYÍLÁSZÁRÓ_HOUW,          1.25,     1,'[v] W/m2K'),
(CONCAT(@RULE_SIMPLE,@PARAM_HASH_INTERNORM_HF310_ÜVEGEZÉS_20L_TÁVTARTÓ_ANYAGA_ALUMÍNIUM_ÜVEG_HŐSZIGETELŐ_BEVONATA_SOLARP),
 @SCHEMA_NYÍLÁSZÁRÓ,@PRODUCT_HF310,@SCHEMA_NYÍLÁSZÁRÓ_HOUG,           1.2,     1,'[v] W/m2K'),
(CONCAT(@RULE_SIMPLE,@PARAM_HASH_INTERNORM_HF310_ÜVEGEZÉS_20L_TÁVTARTÓ_ANYAGA_ALUMÍNIUM_ÜVEG_HŐSZIGETELŐ_BEVONATA_SOLARP),
 @SCHEMA_NYÍLÁSZÁRÓ,@PRODUCT_HF310,@SCHEMA_NYÍLÁSZÁRÓ_HOUF,          0.89,     1,'[v] W/m2K'),
(CONCAT(@RULE_SIMPLE,@PARAM_HASH_INTERNORM_HF310_ÜVEGEZÉS_20L_TÁVTARTÓ_ANYAGA_ALUMÍNIUM_ÜVEG_HŐSZIGETELŐ_BEVONATA_SOLARP),
 @SCHEMA_NYÍLÁSZÁRÓ,@PRODUCT_HF310,@SCHEMA_NYÍLÁSZÁRÓ_HOPS,         0.057,     1,'[v] W/mK');

SET @PARAM_HASH_INTERNORM_HF310_ÜVEGEZÉS_34N_TÁVTARTÓ_ANYAGA_MŰANYAG_ÜVEG_HŐSZIGETELŐ_BEVONATA_LIGHT=SHA1(CONCAT(@PARAM_INTERNORM_HF310_ÜVEGEZÉS,'=',@PARAMOPT_INTERNORM_HF310_ÜVEGEZÉS_34N,';',@PARAM_INTERNORM_HF310_TÁVTARTÓ_ANYAGA,'=',@PARAM_INTERNORM_HF310_TÁVTARTÓ_ANYAGA_MŰANYAG,';',@PARAM_INTERNORM_HF310_ÜVEG_HŐSZIGETELŐ_BEVONATA,'=',@PARAM_INTERNORM_HF310_ÜVEG_HŐSZIGETELŐ_BEVONATA_LIGHT));
INSERT INTO DOP_PROPERTIES(PARAM_HASH,SCHEMA_ID,PRODUCT_ID,PROPERTY_ID,VALUE,UNIT_MULTIPLIER,CONCAT_PATTERN) VALUES
(CONCAT(@RULE_SIMPLE,@PARAM_HASH_INTERNORM_HF310_ÜVEGEZÉS_34N_TÁVTARTÓ_ANYAGA_MŰANYAG_ÜVEG_HŐSZIGETELŐ_BEVONATA_LIGHT),
 @SCHEMA_NYÍLÁSZÁRÓ,@PRODUCT_HF310,@SCHEMA_NYÍLÁSZÁRÓ_HOUW,          0.77,     1,'[v] W/m2K'),
(CONCAT(@RULE_SIMPLE,@PARAM_HASH_INTERNORM_HF310_ÜVEGEZÉS_34N_TÁVTARTÓ_ANYAGA_MŰANYAG_ÜVEG_HŐSZIGETELŐ_BEVONATA_LIGHT),
 @SCHEMA_NYÍLÁSZÁRÓ,@PRODUCT_HF310,@SCHEMA_NYÍLÁSZÁRÓ_HOUG,           0.6,     1,'[v] W/m2K'),
(CONCAT(@RULE_SIMPLE,@PARAM_HASH_INTERNORM_HF310_ÜVEGEZÉS_34N_TÁVTARTÓ_ANYAGA_MŰANYAG_ÜVEG_HŐSZIGETELŐ_BEVONATA_LIGHT),
 @SCHEMA_NYÍLÁSZÁRÓ,@PRODUCT_HF310,@SCHEMA_NYÍLÁSZÁRÓ_HOUF,          0.86,     1,'[v] W/m2K'),
(CONCAT(@RULE_SIMPLE,@PARAM_HASH_INTERNORM_HF310_ÜVEGEZÉS_34N_TÁVTARTÓ_ANYAGA_MŰANYAG_ÜVEG_HŐSZIGETELŐ_BEVONATA_LIGHT),
 @SCHEMA_NYÍLÁSZÁRÓ,@PRODUCT_HF310,@SCHEMA_NYÍLÁSZÁRÓ_HOPS,         0.036,     1,'[v] W/mK');

SET @PARAM_HASH_INTERNORM_HF310_ÜVEGEZÉS_34N_TÁVTARTÓ_ANYAGA_MŰANYAG_ÜVEG_HŐSZIGETELŐ_BEVONATA_SOLARP=SHA1(CONCAT(@PARAM_INTERNORM_HF310_ÜVEGEZÉS,'=',@PARAMOPT_INTERNORM_HF310_ÜVEGEZÉS_34N,';',@PARAM_INTERNORM_HF310_TÁVTARTÓ_ANYAGA,'=',@PARAM_INTERNORM_HF310_TÁVTARTÓ_ANYAGA_MŰANYAG,';',@PARAM_INTERNORM_HF310_ÜVEG_HŐSZIGETELŐ_BEVONATA,'=',@PARAM_INTERNORM_HF310_ÜVEG_HŐSZIGETELŐ_BEVONATA_SOLARP));
INSERT INTO DOP_PROPERTIES(PARAM_HASH,SCHEMA_ID,PRODUCT_ID,PROPERTY_ID,VALUE,UNIT_MULTIPLIER,CONCAT_PATTERN) VALUES
(CONCAT(@RULE_SIMPLE,@PARAM_HASH_INTERNORM_HF310_ÜVEGEZÉS_34N_TÁVTARTÓ_ANYAGA_MŰANYAG_ÜVEG_HŐSZIGETELŐ_BEVONATA_SOLARP),
 @SCHEMA_NYÍLÁSZÁRÓ,@PRODUCT_HF310,@SCHEMA_NYÍLÁSZÁRÓ_HOUW,          0.84,     1,'[v] W/m2K'),
(CONCAT(@RULE_SIMPLE,@PARAM_HASH_INTERNORM_HF310_ÜVEGEZÉS_34N_TÁVTARTÓ_ANYAGA_MŰANYAG_ÜVEG_HŐSZIGETELŐ_BEVONATA_SOLARP),
 @SCHEMA_NYÍLÁSZÁRÓ,@PRODUCT_HF310,@SCHEMA_NYÍLÁSZÁRÓ_HOUG,           0.7,     1,'[v] W/m2K'),
(CONCAT(@RULE_SIMPLE,@PARAM_HASH_INTERNORM_HF310_ÜVEGEZÉS_34N_TÁVTARTÓ_ANYAGA_MŰANYAG_ÜVEG_HŐSZIGETELŐ_BEVONATA_SOLARP),
 @SCHEMA_NYÍLÁSZÁRÓ,@PRODUCT_HF310,@SCHEMA_NYÍLÁSZÁRÓ_HOUF,          0.86,     1,'[v] W/m2K'),
(CONCAT(@RULE_SIMPLE,@PARAM_HASH_INTERNORM_HF310_ÜVEGEZÉS_34N_TÁVTARTÓ_ANYAGA_MŰANYAG_ÜVEG_HŐSZIGETELŐ_BEVONATA_SOLARP),
 @SCHEMA_NYÍLÁSZÁRÓ,@PRODUCT_HF310,@SCHEMA_NYÍLÁSZÁRÓ_HOPS,         0.036,     1,'[v] W/mK');

SET @PARAM_HASH_INTERNORM_HF310_ÜVEGEZÉS_34N_TÁVTARTÓ_ANYAGA_ALUMÍNIUM_ÜVEG_HŐSZIGETELŐ_BEVONATA_LIGHT=SHA1(CONCAT(@PARAM_INTERNORM_HF310_ÜVEGEZÉS,'=',@PARAMOPT_INTERNORM_HF310_ÜVEGEZÉS_34N,';',@PARAM_INTERNORM_HF310_TÁVTARTÓ_ANYAGA,'=',@PARAM_INTERNORM_HF310_TÁVTARTÓ_ANYAGA_ALUMÍNIUM,';',@PARAM_INTERNORM_HF310_ÜVEG_HŐSZIGETELŐ_BEVONATA,'=',@PARAM_INTERNORM_HF310_ÜVEG_HŐSZIGETELŐ_BEVONATA_LIGHT));
INSERT INTO DOP_PROPERTIES(PARAM_HASH,SCHEMA_ID,PRODUCT_ID,PROPERTY_ID,VALUE,UNIT_MULTIPLIER,CONCAT_PATTERN) VALUES
(CONCAT(@RULE_SIMPLE,@PARAM_HASH_INTERNORM_HF310_ÜVEGEZÉS_34N_TÁVTARTÓ_ANYAGA_ALUMÍNIUM_ÜVEG_HŐSZIGETELŐ_BEVONATA_LIGHT),
 @SCHEMA_NYÍLÁSZÁRÓ,@PRODUCT_HF310,@SCHEMA_NYÍLÁSZÁRÓ_HOUW,          0.88,     1,'[v] W/m2K'),
(CONCAT(@RULE_SIMPLE,@PARAM_HASH_INTERNORM_HF310_ÜVEGEZÉS_34N_TÁVTARTÓ_ANYAGA_ALUMÍNIUM_ÜVEG_HŐSZIGETELŐ_BEVONATA_LIGHT),
 @SCHEMA_NYÍLÁSZÁRÓ,@PRODUCT_HF310,@SCHEMA_NYÍLÁSZÁRÓ_HOUG,           0.6,     1,'[v] W/m2K'),
(CONCAT(@RULE_SIMPLE,@PARAM_HASH_INTERNORM_HF310_ÜVEGEZÉS_34N_TÁVTARTÓ_ANYAGA_ALUMÍNIUM_ÜVEG_HŐSZIGETELŐ_BEVONATA_LIGHT),
 @SCHEMA_NYÍLÁSZÁRÓ,@PRODUCT_HF310,@SCHEMA_NYÍLÁSZÁRÓ_HOUF,          0.86,     1,'[v] W/m2K'),
(CONCAT(@RULE_SIMPLE,@PARAM_HASH_INTERNORM_HF310_ÜVEGEZÉS_34N_TÁVTARTÓ_ANYAGA_ALUMÍNIUM_ÜVEG_HŐSZIGETELŐ_BEVONATA_LIGHT),
 @SCHEMA_NYÍLÁSZÁRÓ,@PRODUCT_HF310,@SCHEMA_NYÍLÁSZÁRÓ_HOPS,         0.079,     1,'[v] W/mK');

SET @PARAM_HASH_INTERNORM_HF310_ÜVEGEZÉS_34N_TÁVTARTÓ_ANYAGA_ALUMÍNIUM_ÜVEG_HŐSZIGETELŐ_BEVONATA_SOLARP=SHA1(CONCAT(@PARAM_INTERNORM_HF310_ÜVEGEZÉS,'=',@PARAMOPT_INTERNORM_HF310_ÜVEGEZÉS_34N,';',@PARAM_INTERNORM_HF310_TÁVTARTÓ_ANYAGA,'=',@PARAM_INTERNORM_HF310_TÁVTARTÓ_ANYAGA_ALUMÍNIUM,';',@PARAM_INTERNORM_HF310_ÜVEG_HŐSZIGETELŐ_BEVONATA,'=',@PARAM_INTERNORM_HF310_ÜVEG_HŐSZIGETELŐ_BEVONATA_SOLARP));
INSERT INTO DOP_PROPERTIES(PARAM_HASH,SCHEMA_ID,PRODUCT_ID,PROPERTY_ID,VALUE,UNIT_MULTIPLIER,CONCAT_PATTERN) VALUES
(CONCAT(@RULE_SIMPLE,@PARAM_HASH_INTERNORM_HF310_ÜVEGEZÉS_34N_TÁVTARTÓ_ANYAGA_ALUMÍNIUM_ÜVEG_HŐSZIGETELŐ_BEVONATA_SOLARP),
 @SCHEMA_NYÍLÁSZÁRÓ,@PRODUCT_HF310,@SCHEMA_NYÍLÁSZÁRÓ_HOUW,          0.95,     1,'[v] W/m2K'),
(CONCAT(@RULE_SIMPLE,@PARAM_HASH_INTERNORM_HF310_ÜVEGEZÉS_34N_TÁVTARTÓ_ANYAGA_ALUMÍNIUM_ÜVEG_HŐSZIGETELŐ_BEVONATA_SOLARP),
 @SCHEMA_NYÍLÁSZÁRÓ,@PRODUCT_HF310,@SCHEMA_NYÍLÁSZÁRÓ_HOUG,           0.7,     1,'[v] W/m2K'),
(CONCAT(@RULE_SIMPLE,@PARAM_HASH_INTERNORM_HF310_ÜVEGEZÉS_34N_TÁVTARTÓ_ANYAGA_ALUMÍNIUM_ÜVEG_HŐSZIGETELŐ_BEVONATA_SOLARP),
 @SCHEMA_NYÍLÁSZÁRÓ,@PRODUCT_HF310,@SCHEMA_NYÍLÁSZÁRÓ_HOUF,          0.86,     1,'[v] W/m2K'),
(CONCAT(@RULE_SIMPLE,@PARAM_HASH_INTERNORM_HF310_ÜVEGEZÉS_34N_TÁVTARTÓ_ANYAGA_ALUMÍNIUM_ÜVEG_HŐSZIGETELŐ_BEVONATA_SOLARP),
 @SCHEMA_NYÍLÁSZÁRÓ,@PRODUCT_HF310,@SCHEMA_NYÍLÁSZÁRÓ_HOPS,         0.079,     1,'[v] W/mK');

SET @PARAM_HASH_INTERNORM_HF310_ÜVEGEZÉS_3NK_TÁVTARTÓ_ANYAGA_MŰANYAG_ÜVEG_HŐSZIGETELŐ_BEVONATA_LIGHT=SHA1(CONCAT(@PARAM_INTERNORM_HF310_ÜVEGEZÉS,'=',@PARAMOPT_INTERNORM_HF310_ÜVEGEZÉS_3NK,';',@PARAM_INTERNORM_HF310_TÁVTARTÓ_ANYAGA,'=',@PARAM_INTERNORM_HF310_TÁVTARTÓ_ANYAGA_MŰANYAG,';',@PARAM_INTERNORM_HF310_ÜVEG_HŐSZIGETELŐ_BEVONATA,'=',@PARAM_INTERNORM_HF310_ÜVEG_HŐSZIGETELŐ_BEVONATA_LIGHT));
INSERT INTO DOP_PROPERTIES(PARAM_HASH,SCHEMA_ID,PRODUCT_ID,PROPERTY_ID,VALUE,UNIT_MULTIPLIER,CONCAT_PATTERN) VALUES
(CONCAT(@RULE_SIMPLE,@PARAM_HASH_INTERNORM_HF310_ÜVEGEZÉS_3NK_TÁVTARTÓ_ANYAGA_MŰANYAG_ÜVEG_HŐSZIGETELŐ_BEVONATA_LIGHT),
 @SCHEMA_NYÍLÁSZÁRÓ,@PRODUCT_HF310,@SCHEMA_NYÍLÁSZÁRÓ_HOUW,          0.87,     1,'[v] W/m2K'),
(CONCAT(@RULE_SIMPLE,@PARAM_HASH_INTERNORM_HF310_ÜVEGEZÉS_3NK_TÁVTARTÓ_ANYAGA_MŰANYAG_ÜVEG_HŐSZIGETELŐ_BEVONATA_LIGHT),
 @SCHEMA_NYÍLÁSZÁRÓ,@PRODUCT_HF310,@SCHEMA_NYÍLÁSZÁRÓ_HOUG,           0.7,     1,'[v] W/m2K'),
(CONCAT(@RULE_SIMPLE,@PARAM_HASH_INTERNORM_HF310_ÜVEGEZÉS_3NK_TÁVTARTÓ_ANYAGA_MŰANYAG_ÜVEG_HŐSZIGETELŐ_BEVONATA_LIGHT),
 @SCHEMA_NYÍLÁSZÁRÓ,@PRODUCT_HF310,@SCHEMA_NYÍLÁSZÁRÓ_HOUF,          0.86,     1,'[v] W/m2K'),
(CONCAT(@RULE_SIMPLE,@PARAM_HASH_INTERNORM_HF310_ÜVEGEZÉS_3NK_TÁVTARTÓ_ANYAGA_MŰANYAG_ÜVEG_HŐSZIGETELŐ_BEVONATA_LIGHT),
 @SCHEMA_NYÍLÁSZÁRÓ,@PRODUCT_HF310,@SCHEMA_NYÍLÁSZÁRÓ_HOPS,         0.047,     1,'[v] W/mK');

SET @PARAM_HASH_INTERNORM_HF310_ÜVEGEZÉS_3NK_TÁVTARTÓ_ANYAGA_MŰANYAG_ÜVEG_HŐSZIGETELŐ_BEVONATA_SOLARP=SHA1(CONCAT(@PARAM_INTERNORM_HF310_ÜVEGEZÉS,'=',@PARAMOPT_INTERNORM_HF310_ÜVEGEZÉS_3NK,';',@PARAM_INTERNORM_HF310_TÁVTARTÓ_ANYAGA,'=',@PARAM_INTERNORM_HF310_TÁVTARTÓ_ANYAGA_MŰANYAG,';',@PARAM_INTERNORM_HF310_ÜVEG_HŐSZIGETELŐ_BEVONATA,'=',@PARAM_INTERNORM_HF310_ÜVEG_HŐSZIGETELŐ_BEVONATA_SOLARP));
INSERT INTO DOP_PROPERTIES(PARAM_HASH,SCHEMA_ID,PRODUCT_ID,PROPERTY_ID,VALUE,UNIT_MULTIPLIER,CONCAT_PATTERN) VALUES
(CONCAT(@RULE_SIMPLE,@PARAM_HASH_INTERNORM_HF310_ÜVEGEZÉS_3NK_TÁVTARTÓ_ANYAGA_MŰANYAG_ÜVEG_HŐSZIGETELŐ_BEVONATA_SOLARP),
 @SCHEMA_NYÍLÁSZÁRÓ,@PRODUCT_HF310,@SCHEMA_NYÍLÁSZÁRÓ_HOUW,          0.94,     1,'[v] W/m2K'),
(CONCAT(@RULE_SIMPLE,@PARAM_HASH_INTERNORM_HF310_ÜVEGEZÉS_3NK_TÁVTARTÓ_ANYAGA_MŰANYAG_ÜVEG_HŐSZIGETELŐ_BEVONATA_SOLARP),
 @SCHEMA_NYÍLÁSZÁRÓ,@PRODUCT_HF310,@SCHEMA_NYÍLÁSZÁRÓ_HOUG,           0.8,     1,'[v] W/m2K'),
(CONCAT(@RULE_SIMPLE,@PARAM_HASH_INTERNORM_HF310_ÜVEGEZÉS_3NK_TÁVTARTÓ_ANYAGA_MŰANYAG_ÜVEG_HŐSZIGETELŐ_BEVONATA_SOLARP),
 @SCHEMA_NYÍLÁSZÁRÓ,@PRODUCT_HF310,@SCHEMA_NYÍLÁSZÁRÓ_HOUF,          0.87,     1,'[v] W/m2K'),
(CONCAT(@RULE_SIMPLE,@PARAM_HASH_INTERNORM_HF310_ÜVEGEZÉS_3NK_TÁVTARTÓ_ANYAGA_MŰANYAG_ÜVEG_HŐSZIGETELŐ_BEVONATA_SOLARP),
 @SCHEMA_NYÍLÁSZÁRÓ,@PRODUCT_HF310,@SCHEMA_NYÍLÁSZÁRÓ_HOPS,         0.047,     1,'[v] W/mK');

SET @PARAM_HASH_INTERNORM_HF310_ÜVEGEZÉS_3NK_TÁVTARTÓ_ANYAGA_ALUMÍNIUM_ÜVEG_HŐSZIGETELŐ_BEVONATA_LIGHT=SHA1(CONCAT(@PARAM_INTERNORM_HF310_ÜVEGEZÉS,'=',@PARAMOPT_INTERNORM_HF310_ÜVEGEZÉS_3NK,';',@PARAM_INTERNORM_HF310_TÁVTARTÓ_ANYAGA,'=',@PARAM_INTERNORM_HF310_TÁVTARTÓ_ANYAGA_ALUMÍNIUM,';',@PARAM_INTERNORM_HF310_ÜVEG_HŐSZIGETELŐ_BEVONATA,'=',@PARAM_INTERNORM_HF310_ÜVEG_HŐSZIGETELŐ_BEVONATA_LIGHT));
INSERT INTO DOP_PROPERTIES(PARAM_HASH,SCHEMA_ID,PRODUCT_ID,PROPERTY_ID,VALUE,UNIT_MULTIPLIER,CONCAT_PATTERN) VALUES
(CONCAT(@RULE_SIMPLE,@PARAM_HASH_INTERNORM_HF310_ÜVEGEZÉS_3NK_TÁVTARTÓ_ANYAGA_ALUMÍNIUM_ÜVEG_HŐSZIGETELŐ_BEVONATA_LIGHT),
 @SCHEMA_NYÍLÁSZÁRÓ,@PRODUCT_HF310,@SCHEMA_NYÍLÁSZÁRÓ_HOUW,          0.98,     1,'[v] W/m2K'),
(CONCAT(@RULE_SIMPLE,@PARAM_HASH_INTERNORM_HF310_ÜVEGEZÉS_3NK_TÁVTARTÓ_ANYAGA_ALUMÍNIUM_ÜVEG_HŐSZIGETELŐ_BEVONATA_LIGHT),
 @SCHEMA_NYÍLÁSZÁRÓ,@PRODUCT_HF310,@SCHEMA_NYÍLÁSZÁRÓ_HOUG,           0.7,     1,'[v] W/m2K'),
(CONCAT(@RULE_SIMPLE,@PARAM_HASH_INTERNORM_HF310_ÜVEGEZÉS_3NK_TÁVTARTÓ_ANYAGA_ALUMÍNIUM_ÜVEG_HŐSZIGETELŐ_BEVONATA_LIGHT),
 @SCHEMA_NYÍLÁSZÁRÓ,@PRODUCT_HF310,@SCHEMA_NYÍLÁSZÁRÓ_HOUF,          0.86,     1,'[v] W/m2K'),
(CONCAT(@RULE_SIMPLE,@PARAM_HASH_INTERNORM_HF310_ÜVEGEZÉS_3NK_TÁVTARTÓ_ANYAGA_ALUMÍNIUM_ÜVEG_HŐSZIGETELŐ_BEVONATA_LIGHT),
 @SCHEMA_NYÍLÁSZÁRÓ,@PRODUCT_HF310,@SCHEMA_NYÍLÁSZÁRÓ_HOPS,         0.092,     1,'[v] W/mK');

SET @PARAM_HASH_INTERNORM_HF310_ÜVEGEZÉS_3NK_TÁVTARTÓ_ANYAGA_ALUMÍNIUM_ÜVEG_HŐSZIGETELŐ_BEVONATA_SOLARP=SHA1(CONCAT(@PARAM_INTERNORM_HF310_ÜVEGEZÉS,'=',@PARAMOPT_INTERNORM_HF310_ÜVEGEZÉS_3NK,';',@PARAM_INTERNORM_HF310_TÁVTARTÓ_ANYAGA,'=',@PARAM_INTERNORM_HF310_TÁVTARTÓ_ANYAGA_ALUMÍNIUM,';',@PARAM_INTERNORM_HF310_ÜVEG_HŐSZIGETELŐ_BEVONATA,'=',@PARAM_INTERNORM_HF310_ÜVEG_HŐSZIGETELŐ_BEVONATA_SOLARP));
INSERT INTO DOP_PROPERTIES(PARAM_HASH,SCHEMA_ID,PRODUCT_ID,PROPERTY_ID,VALUE,UNIT_MULTIPLIER,CONCAT_PATTERN) VALUES
(CONCAT(@RULE_SIMPLE,@PARAM_HASH_INTERNORM_HF310_ÜVEGEZÉS_3NK_TÁVTARTÓ_ANYAGA_ALUMÍNIUM_ÜVEG_HŐSZIGETELŐ_BEVONATA_SOLARP),
 @SCHEMA_NYÍLÁSZÁRÓ,@PRODUCT_HF310,@SCHEMA_NYÍLÁSZÁRÓ_HOUW,          1.05,     1,'[v] W/m2K'),
(CONCAT(@RULE_SIMPLE,@PARAM_HASH_INTERNORM_HF310_ÜVEGEZÉS_3NK_TÁVTARTÓ_ANYAGA_ALUMÍNIUM_ÜVEG_HŐSZIGETELŐ_BEVONATA_SOLARP),
 @SCHEMA_NYÍLÁSZÁRÓ,@PRODUCT_HF310,@SCHEMA_NYÍLÁSZÁRÓ_HOUG,           0.8,     1,'[v] W/m2K'),
(CONCAT(@RULE_SIMPLE,@PARAM_HASH_INTERNORM_HF310_ÜVEGEZÉS_3NK_TÁVTARTÓ_ANYAGA_ALUMÍNIUM_ÜVEG_HŐSZIGETELŐ_BEVONATA_SOLARP),
 @SCHEMA_NYÍLÁSZÁRÓ,@PRODUCT_HF310,@SCHEMA_NYÍLÁSZÁRÓ_HOUF,          0.87,     1,'[v] W/m2K'),
(CONCAT(@RULE_SIMPLE,@PARAM_HASH_INTERNORM_HF310_ÜVEGEZÉS_3NK_TÁVTARTÓ_ANYAGA_ALUMÍNIUM_ÜVEG_HŐSZIGETELŐ_BEVONATA_SOLARP),
 @SCHEMA_NYÍLÁSZÁRÓ,@PRODUCT_HF310,@SCHEMA_NYÍLÁSZÁRÓ_HOPS,         0.092,     1,'[v] W/mK');

SET @PARAM_HASH_INTERNORM_HF310_ÜVEGEZÉS_3P5_TÁVTARTÓ_ANYAGA_MŰANYAG_ÜVEG_HŐSZIGETELŐ_BEVONATA_LIGHT=SHA1(CONCAT(@PARAM_INTERNORM_HF310_ÜVEGEZÉS,'=',@PARAMOPT_INTERNORM_HF310_ÜVEGEZÉS_3P5,';',@PARAM_INTERNORM_HF310_TÁVTARTÓ_ANYAGA,'=',@PARAM_INTERNORM_HF310_TÁVTARTÓ_ANYAGA_MŰANYAG,';',@PARAM_INTERNORM_HF310_ÜVEG_HŐSZIGETELŐ_BEVONATA,'=',@PARAM_INTERNORM_HF310_ÜVEG_HŐSZIGETELŐ_BEVONATA_LIGHT));
INSERT INTO DOP_PROPERTIES(PARAM_HASH,SCHEMA_ID,PRODUCT_ID,PROPERTY_ID,VALUE,UNIT_MULTIPLIER,CONCAT_PATTERN) VALUES
(CONCAT(@RULE_SIMPLE,@PARAM_HASH_INTERNORM_HF310_ÜVEGEZÉS_3P5_TÁVTARTÓ_ANYAGA_MŰANYAG_ÜVEG_HŐSZIGETELŐ_BEVONATA_LIGHT),
 @SCHEMA_NYÍLÁSZÁRÓ,@PRODUCT_HF310,@SCHEMA_NYÍLÁSZÁRÓ_HOUW,          0.91,     1,'[v] W/m2K'),
(CONCAT(@RULE_SIMPLE,@PARAM_HASH_INTERNORM_HF310_ÜVEGEZÉS_3P5_TÁVTARTÓ_ANYAGA_MŰANYAG_ÜVEG_HŐSZIGETELŐ_BEVONATA_LIGHT),
 @SCHEMA_NYÍLÁSZÁRÓ,@PRODUCT_HF310,@SCHEMA_NYÍLÁSZÁRÓ_HOUG,           0.8,     1,'[v] W/m2K'),
(CONCAT(@RULE_SIMPLE,@PARAM_HASH_INTERNORM_HF310_ÜVEGEZÉS_3P5_TÁVTARTÓ_ANYAGA_MŰANYAG_ÜVEG_HŐSZIGETELŐ_BEVONATA_LIGHT),
 @SCHEMA_NYÍLÁSZÁRÓ,@PRODUCT_HF310,@SCHEMA_NYÍLÁSZÁRÓ_HOUF,          0.87,     1,'[v] W/m2K'),
(CONCAT(@RULE_SIMPLE,@PARAM_HASH_INTERNORM_HF310_ÜVEGEZÉS_3P5_TÁVTARTÓ_ANYAGA_MŰANYAG_ÜVEG_HŐSZIGETELŐ_BEVONATA_LIGHT),
 @SCHEMA_NYÍLÁSZÁRÓ,@PRODUCT_HF310,@SCHEMA_NYÍLÁSZÁRÓ_HOPS,         0.034,     1,'[v] W/mK');

SET @PARAM_HASH_INTERNORM_HF310_ÜVEGEZÉS_3P5_TÁVTARTÓ_ANYAGA_ALUMÍNIUM_ÜVEG_HŐSZIGETELŐ_BEVONATA_LIGHT=SHA1(CONCAT(@PARAM_INTERNORM_HF310_ÜVEGEZÉS,'=',@PARAMOPT_INTERNORM_HF310_ÜVEGEZÉS_3P5,';',@PARAM_INTERNORM_HF310_TÁVTARTÓ_ANYAGA,'=',@PARAM_INTERNORM_HF310_TÁVTARTÓ_ANYAGA_ALUMÍNIUM,';',@PARAM_INTERNORM_HF310_ÜVEG_HŐSZIGETELŐ_BEVONATA,'=',@PARAM_INTERNORM_HF310_ÜVEG_HŐSZIGETELŐ_BEVONATA_LIGHT));
INSERT INTO DOP_PROPERTIES(PARAM_HASH,SCHEMA_ID,PRODUCT_ID,PROPERTY_ID,VALUE,UNIT_MULTIPLIER,CONCAT_PATTERN) VALUES
(CONCAT(@RULE_SIMPLE,@PARAM_HASH_INTERNORM_HF310_ÜVEGEZÉS_3P5_TÁVTARTÓ_ANYAGA_ALUMÍNIUM_ÜVEG_HŐSZIGETELŐ_BEVONATA_LIGHT),
 @SCHEMA_NYÍLÁSZÁRÓ,@PRODUCT_HF310,@SCHEMA_NYÍLÁSZÁRÓ_HOUW,          0.97,     1,'[v] W/m2K'),
(CONCAT(@RULE_SIMPLE,@PARAM_HASH_INTERNORM_HF310_ÜVEGEZÉS_3P5_TÁVTARTÓ_ANYAGA_ALUMÍNIUM_ÜVEG_HŐSZIGETELŐ_BEVONATA_LIGHT),
 @SCHEMA_NYÍLÁSZÁRÓ,@PRODUCT_HF310,@SCHEMA_NYÍLÁSZÁRÓ_HOUG,           0.8,     1,'[v] W/m2K'),
(CONCAT(@RULE_SIMPLE,@PARAM_HASH_INTERNORM_HF310_ÜVEGEZÉS_3P5_TÁVTARTÓ_ANYAGA_ALUMÍNIUM_ÜVEG_HŐSZIGETELŐ_BEVONATA_LIGHT),
 @SCHEMA_NYÍLÁSZÁRÓ,@PRODUCT_HF310,@SCHEMA_NYÍLÁSZÁRÓ_HOUF,          0.87,     1,'[v] W/m2K'),
(CONCAT(@RULE_SIMPLE,@PARAM_HASH_INTERNORM_HF310_ÜVEGEZÉS_3P5_TÁVTARTÓ_ANYAGA_ALUMÍNIUM_ÜVEG_HŐSZIGETELŐ_BEVONATA_LIGHT),
 @SCHEMA_NYÍLÁSZÁRÓ,@PRODUCT_HF310,@SCHEMA_NYÍLÁSZÁRÓ_HOPS,         0.061,     1,'[v] W/mK');
